Adat Nganggung,"Nganggung adalah ritus pengumpulan makanan dari masyarakat Melayu Bangka Belitung, Kepulauan Bangka Belitung. Setiap rumah penduduk akan mengumpulkan makanan dan membawanya ke satu tempat pertemuan besar, seperti masjid, surau, sanggar, atau lapangan. Tradisi Nganggung umumnya dilaksanakan pada hari raya agama Islam, seperti Maulid Nabi Muhammad SAW, Nisfu Sya'ban, Muharram, serta setelah pelaksanaan shalat Idul Fitri dan Idul Adha. Tradisi Nganggung berkaitan erat dengan penguatan kekeluargaan dan silaturrahmi di komunitas Melayu Bangka. Momen Nganggung menjadi kesempatan untuk saling berbagi makanan dan kebaikan dengan sesama yang memperkuat ikatan sosial di antara masyarakat. Tradisi ini memperkuat rasa saling memiliki dan memupuk semangat gotong-royong dalam masyarakat. Pada tradisi Nganggung setiap rumah komunitas Melayu Bangka melakukan persiapan dan pengumpulkan makanan di suatu tempat pertemuan. Wadah makanan disebut sedulang, yang umumnya terbuat dari kuningan atau seng, yang diisi dengan makanan dan kemudian ditutup dengan tudung saji. Tradisi nganggung melibatkan seluruh anggota masyarakat Melayu Bangka lintas gender dan geografis. Alat-alat yang digunakan pada tradisi berasal dari material yang tersedia di lingkungan sekitar mereka.","Adat Istiadat Masyarakat, Ritus, dan Perayaan-Perayaan"
Adat Perkawinan Melayu Lingga,"Adat perkawinan Melayu Lingga merupakan prosesi ritus adat sebelum akad nikah di Kepulauan Riau yang sudah terjadi sejak masa Kerajaan Lingga-Riau. Prosesi ini antara lain Gantung-Gantung, Menabur Beras Kunyit, dan Belangir. Acara Gantung-Gantung dilakukan sebagai persiapan majelis perkawinan dan diadakan di rumah pengantin perempuan. Prosesi ini melibatkan pengantin, keluarga, dan kerabat yang menghias rumah dengan tabir dan mempersiapkan tempat pengantin bersanding serta hidangan untuk para undangan. Adat perkawinan Melayu Lingga memiliki fungsi sosial untuk mempererat hubungan antar-keluarga, memuliakan pengantin, serta menghormati tamu yang hadir. Tema-tema yang muncul dalam adat ini adalah kebersamaan, kegembiraan, dan keselamatan. Adat perkawinan ini menjadi momen penting bagi masyarakat Melayu Lingga untuk merayakan dan memperkuat ikatan sosial serta menjaga nilai-nilai budaya tradisional. Pada acara Gantung-Gantung, tabir berbagai macam jenis dan warna digunakan untuk menghias rumah pengantin perempuan. Tempat pengantin bersanding atau peterakne juga disiapkan sebagai simbol kehormatan. Pada acara Menabur Beras Kunyit, beras kunyit dan uang koin ditaburkan sebagai tanda ucapan selamat dan keberuntungan. Pada acara Belangir, Berlangir menggunakan bedak sejuk dari tepung beras, air limau nipis, dan daun limau purut untuk membersihkan dan memohon keselamatan.","Adat Istiadat Masyarakat, Ritus, dan Perayaan-Perayaan"
AIR LAKSEMANE MENGAMUK LINGGA,"Air Laksemane Mengamuk Lingga merupakan minuman tradisional yang berasal dari Kepulauan Riau, terutama daerah Daik di Kerajaan Lingga-Riau. Minuman ini memiliki cita rasa yang saling berlawanan, yaitu lemak, manis, dan pedas. Nama ""Laksemane Mengamuk"" mengacu pada semangat dan keberanian seorang laksamana dalam menghadapi tantangan serta keinginan untuk membangun dan melindungi negeri. Air Laksemane Mengamuk Lingga adalah minuman tradisional yang biasanya disajikan pada acara-acara tertentu atau menjadi minuman para orang tua. Minuman ini juga mencerminkan keanekaragaman tanaman buah-buahan di daerah Kepulauan Riau, terutama buah kuini. Air Laksemane Mengamuk Lingga dibuat dengan menggunakan bahan-bahan seperti buah kuini, santan, cabe merah dan cabe rawit, gula pasir, serta sedikit garam. Buah kuini dikupas dan dicincang halus, lalu santan dipanaskan dan ditambahkan cabe, gula, dan garam untuk memberikan rasa yang merata. Setelah itu, buah kuini dimasukkan ke dalam santan yang telah mendidih, diaduk sebentar, dan siap untuk dihidangkan. Proses pembuatan minuman ini menggambarkan perpaduan cita rasa yang saling berlawanan, menghasilkan kombinasi yang unik dan khas.",Kemahiran dan Kerajinan Tradisional
Aksesoris Adat Melayu Lingga,"Aksesoris Adat Melayu Lingga merupakan berbagai produk Kerajinan Tradisional yang digunakan sebagai asesoris dalam perkawinan adat Melayu Lingga di Riau. Ada tiga asesoris penting dalam dalam perkawinan ini yaitu: bunga rampai, peterakna pengantin dan pelaminan pengantin Melayu Lingga. Bunga rampai gabungan bunga-bunga dan dedaunan yang diberi minyak wangi, yang digunakan sebagai hantaran dalam akad nikah. Peterakna pengantin adalah tempat duduk pengantin yang dibuat menyesuaikan status sosial orang menikah. Pelamin pengantin adalah tempat tidur pengantin yang dibuat bertingkat seperti tangga. Aksesoris Adat Melayu Lingga memiliki makna dan peran khusus dalam memperindah serta melambangkan keharmonisan dan kebesaran pengantin. Aksesoris Adat Melayu Lingga menggunakan berbagai peralatan. Pada bungai rampai menggunakan gabungan bunga-bunga, minyak wangi, wajik dan telur merah. Pada Paterakna menggunakan tempat duduk, bantal gaduk, bantal seraga dan beberapa jenis makanan seperti nasi besar atau nasi sekone, nasi adap, lilin, terenang, tepak sirih, sirih dan air mawar. Pada pelaminan pengantin menggunakan barang-barnag yang akan digunakan pengantin.",Kemahiran dan Kerajinan Tradisional
Aneka Lempeng Sagu Lingga,"Aneka Lempeng Sagu Lingga merupakan makanan tradisional yang berasal dari daerah Lingga, Kepulauan Riau. Lingga terkenal sebagai wilayah penghasil sagu sejak zaman Sultan Mahmud Riayat Syah pada abad ke-18. Bahan utama makanan tradisional Aneka Lempeng Sagu adalah sagu yang ditanam dan diolah oleh masyarakat Lingga. Lempeng Sagu Lingga sering disantap dalam berbagai acara seperti sarapan pagi, gotong-royong, atau sebagai hidangan khas pada waktu senggang. Makanan ini memiliki nilai historis dan budaya yang kuat sebagai bagian dari warisan kuliner daerah Lingga. Proses pembuatan Aneka Lempeng Sagu Lingga menggunakan sagu basah yang telah diayak halus. Sagu basah tersebut kemudian digongseng setengah matang sebelum dicampur dengan parutan kelapa dan bumbu-bumbu lainnya seperti garam. Setelah proses penggongsengan, lempeng-lempeng sagu tersebut dibentuk bulat tipis di atas kuali yang telah diberi pelumas minyak makan. Makanan ini banyak dikonsumsi oleh masyarakat Lingga dan disajikan dengan berbagai jenis lauk, seperti ikan masak berasam pedas atau gulai asam pedas, serta sambal belacan sebagai pelengkap rasa.",Kemahiran dan Kerajinan Tradisional
BERZANGGI LINGGA,"Berzanggi Lingga atau Barzanji adalah salah satu ritus dan kegiatan keagamaan yang masih dijalankan oleh masyarakat Melayu Lingga, Kepulauan Riau. Istilah ""berzanggi"" berasal dari penyebutan yang salah dari kata ""barzanji"". Berzanggi dilakukan pada berbagai acara seperti perkawinan, khataman Al-Quran, bercukur rambut, dan perayaan Maulid Nabi. Kitab berzanji yang dibacakan berisi kisah perjalanan Rasulullah, puji-pujian kepadanya, dan doa-doa. Ritus Berzanggi bertujuan untuk meningkatkan kecintaan kepada Nabi Muhammad SAW, mempererat silaturahmi antar-kaum Muslim, serta mendekatkan diri kepada Allah SWT. Ritus ini berfungsi sebagai sarana untuk mempererat tali persaudaraan, memperdalam pengetahuan agama, dan mendalami kehidupan Rasulullah sebagai teladan dalam menjalani kehidupan sehari-hari. Berzanggi hanya melibatkan partisipasi laki-laki dewasa. Ritus berzanggi dilakukan dengan mengenakan pakaian baju kurung lengkap. Pelaksanaan berzanggi menggunakan kitab berzanji, rehal atau bantal yang dilapisi kain sebagai alas kitab, dan embat-embat yang berisi wewangian tanpa alkohol untuk memberikan harum pada ruangan. Selama pembacaan berzanji, para peserta duduk dan makanan serta minuman disajikan. Makanan ini antara lain adalah hidangan kue mueh seperti dodol megan, dodol kentang, halwa telur, dan hidangan nasi dengan lauk-pauk serta air manis. Prosesi berzanggi Lingga menyediakan tiga kali makan berhidang yang terdiri dari merampe, makan juadah, dan makan besar. Juadah yang dihidangkan berjumlah ganjil seperti 3, 5, atau 7, dan terdiri dari kue-kue khas seperti dodol megan dan penganan bakar. Selama pelaksanaan berzanggi, air wangi-wangian direnjiskan pada peserta dan ruangan untuk memberikan keharuman dan kesan yang bersih.","Adat Istiadat Masyarakat, Ritus, dan Perayaan-Perayaan"
Besaoh Dalam Beume,"Besaoh dalam konteks Beume merupakan sistem pengolahan lahan yang melibatkan kerja bersama masyarakat dalam pertanian padi di hutan tropis, di daerah Kepulauan Bangka Belitung. Dalam sistem ini, warga masyarakat yang merupakan tetangga terdekat di kampung bekerja secara tolong-menolong dan bergantian mengerjakan pekerjaan pertanian. Setiap rumah tangga yang bertindak sebagai tuan rumah berkewajiban menyediakan makanan dan minuman bagi anggota kelompok besaoh. Pertanian padi merupakan aktivitas utama dalam kehidupan mereka, dan ladang Ume menjadi tempat penanaman padi dan sayuran. Besaoh dalam Beume adalah system yang mempromosikan kerja sama, kebersamaan, dan tolong-menolong di antara warga masyarakat. Besaoh membuat warga saling membantu dalam menyelesaikan pekerjaan pertanian yang membutuhkan tenaga dan waktu yang cukup besar. Sistem Besaoh menguatkan ikatan sosial antarwarga di kampung yang menjadi tetangga terdekat. Tema utama dalam system Besaoh adalah solidaritas dan saling mengandalkan dalam menghadapi tantangan dalam pertanian padi di hutan tropis. Proses Beume menggunakan alat-alat pertanian tradisional seperti cangkul, parang, dan sabit untuk membuka lahan dan membersihkan hutan. Masyarakat menggunakan benih padi dan pupuk organik untuk menanam padi di ladang Ume. Proses Beume dimulai dengan mengucapkan salam dan meratap sebagai bentuk rasa hormat kepada alam sekitar dan sebagai upaya meminta izin kepada penghuni hutan sebelum masuk ke hutan untuk mencari lahan Beume. Selama proses Besaoh masyarakat pantang menyebutkan makanan yang enak-enak agar tidak mendatangkan musibah saat melakukan pekerjaan.",Pengetahuan dan Kebiasaan Perilaku Mengenai Alam dan Semesta
Bubur Asyura Lingga,"Bubur Asyura merupakan makanan tradisional masyarakat Melayu Lingga, Kepulauan Riau, dalam memperingati hari Asyura, yang jatuh pada setiap sepuluh hari bulan Muharram. Hidangan ini berupa bubur yang terbuat dari berbagai bahan, termasuk beras, pulut putih, kacang hijau, kacang tanah, kacang kedelai, kacang merah, jagung halus, keledek, keladi, ubi, kentang, kacang kuda, wortel, udang, dan cumi-cumi. Bubur Asyura ini memiliki dua jenis, yaitu bubur lemak dan bubur manis. Bubur lemak ditambahkan dengan hasil laut seperti udang dan cumi-cumi, sementara bubur manis hanya menggunakan pulut hitam dan gula sebagai pemanis. Bubur Asyura dijadikan sebagai media untuk mempererat silaturrahmi antar sesama warga masyarakat Melayu Lingga. Masyarakat bekerja sama dan bergotong royong dalam menyiapkan bahan-bahan dan memasak bubur Asyura. Peringatan Asyura melibatkan kegiatan doa bersama dan pemberian kehormatan kepada anak yatim. Bubur Asyura berperan mempererat hubungan antarwarga, meningkatkan keimanan dan ketaqwaan, berbagi rezeki, serta memperkuat nilai-nilai budi pekerti dalam masyarakat. Proses pembuatan bubur Asyura dimulai dengan menggongseng beberapa bahan seperti beras, pulut putih, kacang hijau, kacang tanah, dan kacang kedelai. Bahan-bahan tersebut kemudian direbus bersama dengan bahan lain seperti kacang merah, jagung halus, keledek, keladi, ubi, kentang, wortel, dan kacang arab. Bumbu-bumbu seperti ketumbar, bunga lawang, jintan putih, adam manis, kayu manis, garam, halia, dan ikan bilis dihaluskan dan ditambahkan ke dalam bubur. Setelah semua bahan matang, santan kelapa ditambahkan ke dalam bubur. Bubur Asyura Lingga disajikan dengan potongan telur dadar dan taburan bawang goreng sebagai hiasan.",Kemahiran dan Kerajinan Tradisional
Bubur Lambok Lingga,"Bubur Lambok adalah makanan khas berbahan sagu lenggang dari Kabupaten Lingga, Kepulauan Riau, Indonesia. Kabupaten Lingga merupakan penghasil sagu sejak masa Kesultanan Riau Lingga Johor Pahang. Bubur Lambok disiapkan dengan mencampur sagu lenggang dan sayur mayor (sayur rampai) seperti saun cekor, selasih, kangkung, daun kunyit, daun kacang, dan lainnya. Hidangan ini biasanya disajikan panas dan digunakan dalam ritus adat serta saat menerima tamu penting. Bubur Lambok juga dikenal sebagai obat penawar dan memiliki makna keselarasan dan saling melengkapi. Bubur Lambok berperan dalam menjaga keharmonisan dan tradisi adat masyarakat Lingga. Hidangan ini menjadi simbol kekayaan kuliner dan budaya Kabupaten Lingga dan sering disajikan dalam ritus adat seperti Ritus Bebaritan/Baritan atau Sedekah Bumi, yang merupakan bentuk ungkapan syukur atas panen yang melimpah. Hidangan ini menjadi pilihan menu saat menerima tamu dari luar daerah dan negara. Bubur Lambok memberikan kehormatan kepada tuan rumah dan menciptakan suasana yang akrab saat menyantap hidangan bersama. Makanan ini juga dianggap sebagai obat herbal karena bahan-bahannya yang alami. Bubur Lambok menggunakan bahan-bahan seperti sagu lenggang, sayur mayor (sayur rampai), bumbu-bumbu, air, minyak makan, dan lainnya. Proses pembuatannya melibatkan rebusan air dengan bumbu, sayur mayor dan sagu lenggang yang telah dipotong dadu. Bubur Lambok kemudian ditaruh di atas piring yang cekung, diratakan, dan ditekan agar padat. Bumbu tumis seperti bawang merah juga ditambahkan ke dalam bubur sebelum dihidangkan. Hidangan ini memiliki citarasa khas dan biasanya disajikan panas.",Kemahiran dan Kerajinan Tradisional
Emping Beras,"Emping beras adalah makanan yang diolah dari beras ketan, dan merupakan makanan pendamping dalam perayaan Maras Taun, sebuah tradisi agraris dalam Masyarakat Pulau Belitung. Fungsi dari Emping adalah menjadi hidangan yang disajikan bersama dengan lepat dalam perayaan ungkapan Syukur atas hasil panen padi. Emping Beras menjadi sambil dari kegiatan berladang dan kehidupan agraris yang melibatkan Masyarakat pulau Belitung. Alat utama emping adalah beras ketan hasil ladang Masyarakat Pulau Belitung. Alat yang digunakan dalam pembuatan Emping Beras antara lain alat penggorengan, alu atau lesung batu untuk menumbuk bulir padi, serta tampah atau alat penampi untuk memisahkan kulit padi dari isi. Tidak ada batasan gender dalam menyiapkan Emping.",Kemahiran dan Kerajinan Tradisional
Gangan,"Gangan Darat adalah kuliner khas Pulau Beltung, yang memiliki ciri khas kekentalan kuahnya. Gangan Darat ditemukan di daerah pedalaman Pulau belirung, sementara di pesisir terdapat Gangan Nanas yang lebih populer. Gangan Darat adalah makanan lauk-pauk sehari-hari yang dikonsumsi oleh Masyarakat di Pulau Belitung, dan juga memiliki peran dalam upacara adat seperti pernikahan dan bedulag. Gangan Darat adalah warisan kuliner lokal yang memperkuat identitas budaya Masyarakat Belitung Bumbu-bumbu yang digunakan dalam Gangan Darat antara lain cabai, kunyit, kemiri, dan pucuk dau nangka untuk menambah cita rasanya. Proses memasak Gangan Darat melibatkan teknik khusus, seperti menghaluskan bumbu dengan cara ditumbuk dan memasaknya dengan tungku api untuk menghasilkan rasa yang lebih kuat.",Kemahiran dan Kerajinan Tradisional
Gangan Buntal Darat,"Gangan Buntal Darat adalah kuliner Desa Mandiangin, Kabupaten Sial, Provinsi Riau. Secara umum, buntal darat dianggap sebagai hewan yang beracun dan berbahaya jika dikonsumsi karena dapat menyebabkan keracunan hingga kematian. Namun, masyarakat Lintang memiliki pandangan berbeda dan telah mengonsumsi buntal darat sejak masa yang sangat lama. Mereka percaya bahwa buntal darat di Sungai Lenggang aman dikonsumsi karena airnya tidak bercampur dengan air laut dan masih bersih, tidak terkontaminasi oleh limbah. Beberapa juga berpendapat bahwa akar Rasau di sungai berfungsi sebagai filter alami yang menjaga ekosistem buntal darat tetap terjaga. Gangan Buntal Darat biasa disajikan sebagai lauk makan sehari-hari Masyarakat Lintang. Meskipun buntal darat dianggap aman untuk dikonsumsi oleh masyarakat Lintang, mereka memiliki batasan ukuran tertentu untuk mengonsumsinya. Hanya buntal darat dengan ukuran yang sesuai, yaitu tidak lebih besar dari bola tenis saat mengembang, yang boleh dikonsumsi. Batasan ini lebih sebagai upaya untuk menjaga populasi buntal darat agar tetap terjaga dan berkembang. Dalam pengolahannya, buntal darat tidak memiliki aturan khusus dan diolah seperti ikan lainnya. Sebelum dimasak, kulit dan bagian perutnya harus dikupas terlebih dahulu, namun hatinya dapat dikonsumsi dan bahkan digunakan sebagai penawar jika seseorang keracunan ikan buntal laut. Beberapa bumbu yang digunakan dalam masakan ini adalah kunyit, lengkuas, dan kemiri, yang diyakini memiliki manfaat kesehatan bagi konsumen. Meskipun belum ada penelitian ilmiah yang mengungkapkan keamanan buntal darat, masyarakat Lintang tetap mengandalkan pengalaman tradisional dari masa lalu dan keyakinan mereka bahwa hewan air ini aman untuk dikonsumsi. Namun, penting untuk tetap berhati-hati dan bijaksana dalam mengonsumsi makanan berisiko tinggi seperti buntal darat.",Kemahiran dan Kerajinan Tradisional
Gangan Darat,"Gangan Darat adalah kuliner khas Pulau Belitung, yang memiliki ciri khas kekentalan kuahnya. Gangan Darat ditemukan di daerah pedalaman Pulau belitung, sementara di pesisir terdapat Gangan Nanas yang lebih populer. Fungsi sosial Gangan Darat adalah sebagai lauk-pauk sehari-hari Masyarakat Pulau Belitung, dan juga memiliki peran dalam upacara adat seperti pernikahan. Kuliner ini juga menjadi bagian penting dari warisan kuliner lokal dan memperkuat identitas budaya Masyarakat Belitung. Alat yang digunakan adalah tungku api, lesung batu atau cobek untuk menghaluskan bumbu, panic dan wajan untuk merebus dan memasak bahannya. Bahan yang digunakan adalah daging sapi, kambing atau ayam, dengan bumbu seperti cabai, kunyit, kemiri, dan pucuk daun Nangka.",Pengetahuan dan kebiasaan perilaku mengenai alam dan semesta
GUBAL,"Gubal merupakan makanan khas yang populer di kalangan masyarakat Lingga, terutama Orang Barok dan Orang Mantang, serta memiliki cerita rakyat yang terkait dengan legenda Raja Barok. Gubal digunakan sebagai makanan tradisional, khususnya makanan pokok pengganti nasi bagi masyarakat Orang Barok pada masa lalu, terutama saat sulit mendapatkan beras. Selain itu, gubal juga merupakan makanan pendamping yang sering disajikan saat melakukan kegiatan gotong-royong. Pembuatan dan konsumsi gubal juga menjadi bagian dari upaya memperkuat ketahanan pangan dan memanfaatkan hasil sagu yang melimpah di pulau Lingga. Proses pembuatan gubal melibatkan beberapa bahan, seperti sagu basah yang telah diayak halus, parutan kelapa yang agak muda, air putih, dan sedikit garam. Gubal dibuat dengan cara menggongseng sagu dan parutan kelapa di atas tungku dapur dengan api sedang. Selama proses penggongsengan, sagu dan parutan kelapa terus diaduk hingga matang. Setelah matang, gubal dapat dihidangkan dalam mangkok atau wadah. Gubal biasanya disantap bersama dengan lauk ikan masak gulai asam pedas dan sambal belacan, serta dijadikan sebagai makanan pendamping saat gotong-royong.",Kemahiran dan Kerajinan Tradisional
KAIN TUDUNG HIDANG,"Kain Tudung Hidang adalah kain tradisional Melayu-Lingga yang biasa digunakan sebagai kain penutup untuk makanan. Adat menutup makanan dengan Kain Tudung Hidang ini biasa dilakukan terutama dalam acara resmi atau majelis adat. Kain Tudung Hidang juga digunakan sebagai penanda adanya acara resmi atau majelis adat. Adat menutup makanan dengan Kain Penutup Hidang memiliki makna memuliakan makanan yang disajikan untuk tamu. Setiap makanan yang dihidangkan di atas ceper untuk santapan lima orang akan ditutup dengan Kain Penutup Hidang sebelum dimakan oleh para tamu. Kain Tudung Hidang dibuat dengan menjahit kain berbentuk segi empat, di mana di tengahnya ditekati dengan motif bunga-bungaan. Warna kain yang umum digunakan adalah kuning, merah, dan hijau. Di tengah-tengah kain, terdapat tambahan kain segi empat yang ditekati dengan motif bunga sebagai hiasan, seperti motif bunga kesemak, bunga teratai, atau bunga ketola. Kain Tudung Hidang yang terdiri dari tiga warna, yaitu kuning, merah, dan hijau, memiliki makna tersendiri. Warna kuning melambangkan keagungan, warna hijau melambangkan kesuburan, dan warna merah melambangkan keberanian.","Adat Istiadat Masyarakat, Ritus, dan Perayaan-Perayaan"
Kepurun Lingga,"Kepurun merupakan makanan khas di Kabupaten Lingga  yang terbuat dari sagu dan diberi bumbu berkuah. Makanan ini telah dikenal oleh masyarakat sejak zaman Kesultanan Riau-Lingga di Daik Lingga, dan biasanya disajikan pada siang hari terutama saat cuaca panas. Selain sebagai makanan khas, kepurun juga memiliki khasiat sebagai obat penawar bagi kesehatan badan, seperti mengatasi panas dalam, kurang selera makan, dan demam. Hingga saat ini, kepurun masih menjadi menu lezat yang disukai oleh masyarakat, terutama oleh generasi muda. Kepurun berfungsi sebagai Makanan Tradisional yang sering dihidangkan dalam acara-acara sosial seperti perayaan , upacara adat, atau pertemuan keluarga. Kepurun juga memperkuat ikatan antargenerasi, di mana pengetahuan tentang cara membuat dan menyajikan kepurun biasanya diwariskan dari generasi tua ke generasi muda. Untuk membuat kepurun, bahan-bahan yang digunakan antara lain sagu, air, buah asam-asaman seperti belimbing buluh, mempelam, dan embacang, ikan bilis atau teri, lokan, cabai (lada kecil), bumbu masakan, garam, dan lain-lain. Proses pembuatannya dimulai dengan memanaskan  air dalam kuali, kemudian sagu ditambahkan sedikit demi sedikit sambil terus dikocok hingga matang dan mengental seperti lem cair. Sementara itu, bumbu berkuah dibuat dengan menumbuk ikan bilis, buah asam, cabai rawit, garam, dan bumbu lainnya dalam lesung. Setelah itu, kepurun berbentuk lem kenyal diletakkan dalam pinggan dan disiram  dengan kuah bumbu yang telah ditumbuk halus. Kepurun memiliki tekstur kenyal dan nikmat dihidangkan ketika masih panas.",Kemahiran dan Kerajinan Tradisional
KUE APAM LINGGA,"Kue Apam Lingga adalah salah satu kue tradisional yang telah ada sejak zaman Kesultanan Lingga-Riau dan bertahan hingga saat ini. Kue Apam Lingga biasanya dikonsumsi sebagai sarapan pagi dan disajikan dengan parutan kelapa. Kue ini juga sering dihidangkan dalam berbagai ritual dan acara seperti Manaqib Syaikh Samman, Isra' Mi'raj, dan kenduri arwah. Penjelasan tentang kue apam dapat ditemukan dalam Kitab Pengetahuan Bahasa yang ditulis oleh Raja Ali Haji. Kue Apam Lingga menjadi kuliner penting dalam acara-acara adat dan ritual yang dilaksanakan di masjid, surau, serta rumah-rumah masyarakat Lingga. Kue ini menjadi warisan budaya yang dilestarikan sebagai oleh-oleh khas daerah. Kue Apam Lingga memiliki makna mempererat hubungan sosial antarwarga dan memperkuat silaturahmi dalam masyarakat. Dalam pembuatan Kue Apam Lingga, bahan utama yang digunakan adalah tepung beras dan terigu. Dahulu, kue ini menggunakan air nira dan ragi dalam proses pengembangan adonan, namun pada masa kini, masyarakat menggunakan pengembang roti. Cara pembuatannya dengan mencampurkan semua bahan menjadi satu adonan lalu dituangkan ke dalam cetakan dan dibiarkan mengembang. Setelah itu, kue dikukus hingga matang. Kue Apam Lingga memiliki ciri khas berwarna putih dan menggunakan ragi dari air daun kelapa. Parutan kelapa yang kasar digunakan untuk memberikan tekstur yang enak saat disantap, dan sebagian kelapa dikukus agar tahan lama dan tidak mudah basi. Selain itu, kelapa yang dikukur juga diberikan air garam secukupnya.",Kemahiran dan Kerajinan Tradisional
KUE BATANG BURUK,"Kue Batang Buruk merupakan salah satu makanan khas tradisional dari pusat Kesultanan Riau-Lingga di Daik. Kue ini telah ada dalam masyarakat Lingga sejak lama dan merupakan bagian dari warisan budaya Melayu di daerah tersebut. Nama ""batang buruk"" menggambarkan bentuknya yang mirip dengan batang kayu yang tua dan lapuk. Meskipun memiliki nama yang unik, kue ini memiliki cita rasa yang enak dan juga memiliki makna filosofis. Kue Batang Buruk menjadi kuliner yang disajikan dalam berbagai hajatan, seperti selamatan, kenduri, dan acara lainnya. Kue ini juga dijual sehari-hari oleh para pembuat kue. Kue ini menjadi simbol pengingat pentingnya menghadapi hari tua dan kematian dengan persiapan yang baik untuk akhirat, seperti berbuat baik dan mengikuti ajaran agama. Untuk membuat Kue Batang Buruk, bahan utama yang digunakan antara lain tepung terigu, telur, santan, kayu manis, bunga lawang, buah pelage, cengkih, dan sambal lengkong. Adonan tepung, telur, dan air dicampur hingga merata, kemudian dicetak lalu digoreng menggunakan teflon dan diisi dengan sambal lengkong lalu digulung. Untuk kuahnya, santan dipanaskan  dan bumbu halus ditambahkan, lalu kayu manis, bunga lawang, buah pelage, dan cengkih dimasukkan ke dalam kuah. Garam dan penyedap rasa juga ditambahkan secukupnya. Prosesnya adalah menunggu hingga kuah mendidih.",Kemahiran dan Kerajinan Tradisional
KUE GELAM,"Kue Gelam adalah makanan tradisional yang berasal dari Kampung Gelam di Lingga, Indonesia. Kue ini memiliki makna dan nilai sakral dalam budaya Melayu Lingga. Kue Gelam tidak bisa dihidangkan secara bebas dan hanya dibuat untuk acara Adat Istiadat yang memiliki kekuatan magis atau tuah. Kue ini dipercaya dapat menjauhkan dari bala bencana dan memiliki khasiat penyembuhan untuk luka berkhitan dan bertindik. Pembuatan kue Gelam dilakukan oleh perempuan dalam keadaan bersih, dan sisa-sisa bahan dibuang ke sungai. Kue Gelam adalah Makanan Tradisional simbol keselamatan, kebahagiaan, dan semangat dalam menghadapi cobaan bagi seseorang atau keluarga yang melaksanakannya. Kue ini berhubungan dengan silaturahmi, tolong-menolong, menjaga diri  dari perbuatan jahat, melindungi diri dari bahaya , dan menjaga kelestarian lingkungan. Kue Gelam dihidangkan pada acara Adat Istiadat seperti pernikahan, khitanan, dan melahirkan sebagai bagian dari hidangan selamatan. Untuk membuat Kue Gelam, bahan-bahan yang digunakan antara lain alba, adam manis/pedas, jahe, kunyit, serai, bawang putih, garam, telur, kelapa, dan tepung beras. Kue dibuat dengan mencampurkan  tepung beras dengan telur dan santan, kemudian menambahkan bumbu yang telah dihaluskan. Adonan tersebut digoreng hingga matang.",Kemahiran dan Kerajinan Tradisional
Kue Mueh Pengantin Lingga,"Kue Mueh Pengantin Lingga merupakan bagian dari Adat Istiadat perkawinan Melayu Lingga yang hingga saat ini masih dijunjung tinggi dan dipertahankan oleh masyarakat Lingga, Kabupaten Lingga. Dalam Adat Istiadat perkawinan Melayu Lingga, terdapat tahapan makan berhadap yang ditutup dengan hidangan pencuci mulut kue-mueh pengantin. Prosesi ini dimaksudkan sebagai bentuk penghormatan terhadap pengantin laki-laki. Kue ini disuguhkan dengan cara khusus. Kue-mueh pengantin Lingga adalah kumpulan Makanan Tradisional sebagai hidangan pencuci mulut bagi pengantin laki-laki, yang disuguhkan oleh Mak inang sambil memberikan nasehat-nasehat dan hiburan bagi kedua mempelai dalam menuju kehidupan rumah tangga  yang sakinah, mawaddah, dan warahmah. Setiap jenis kue memiliki makna dan simbolik tertentu yang berkaitan dengan aspek-aspek kehidupan berumah tangga, seperti kesuburan, keturunan, harmonisasi hubungan dengan pasangan dan lingkungan, serta kesabaran dan ketekunan dalam menjalani kehidupan berumah tangga. Dalam zaman Kesultanan Lingga Riau, jumlah kue-mueh pengantin yang disajikan diatur berdasarkan status sosial, dan jumlahnya harus ganjil. Namun, untuk masyarakat biasa, biasanya tidak lebih dari tiga jenis kue yang dihidangkan. Proses penyajian kue-mueh pengantin Lingga melibatkan beberapa jenis kue, seperti kue khasidah, kue rumput surga, kue pasir neraka, kue telur belangkas, dan banyak lagi. Kue-mueh pengantin ini biasanya disiapkan oleh pihak pengantin perempuan untuk dihidangkan kepada pengantin laki-laki. Kelompok makan berhadap  biasanya beranggotakan satu atau dua teman dekat pengantin laki-laki, dan hidangan kue-mueh pengantin disuguhkan oleh Mak inang, yang berperan penting dalam menyelenggarakan upacara perkawinan.",Kemahiran dan Kerajinan Tradisional
Lampu Colok Bengkalis,"Lampu Colok atau pelita adalah sebuah tradisi yang dilakukan secara turun temurun oleh masyarakat Kabupaten Bengkalis. Tradisi ini melibatkan pemasangan lampu colok secara serentak pada malam 27 Ramadhan atau malam 7 likur menjelang Hari Raya Idul Fitri. Adat Istiadat Lampu colok menjadi momen kebersamaan dalam menyambut Hari Raya Idul Fitri yang melibatkan semangat gotong-royong dan silaturahmi. Lampu colok juga mengandung simbol seperti solidaritas, nilai moral, nilai seni. Tradisi ini mencerminkan filosofi yang tertuang dalam keindahan  dan kemegahan cahaya lampu colok. Persiapan tradisi lampu colok dimulai dengan mencari kayu di hutan, kaleng bekas, kawat, sumbu kompor, dan minyak tanah, serta pembagian tugas kepada anggota kelompok. Tahapan pelaksanaan pembuatan lampu colok meliputi mendirikan gapura, membuat lubang dan kerangka lampu colok menggunakan kawat, meletakkan desain pada gapura, dan memasang lampu colok pada tempat yang telah dipersiapkan. Pada awalnya, lampu colok terbuat dari potongan bambu yang diisi dengan minyak tanah dan sumbu sebagai penerang jalan bagi warga yang akan membayar Zakat fitrah atau menuju masjid. Namun, seiring perkembangan zaman, tradisi lampu colok mengalami perubahan dan menggunakan kaleng minuman bekas untuk menciptakan berbagai model dan kreasi yang lebih efisien. Cara membuat lampu colok dari kaleng minuman bekas melibatkan memotong kaleng menjadi dua bagian dan menggabungkannya menjadi satu, serta membuat tempat untuk memasukkan sumbu dan menahan gulungan yang juga terbuat dari kaleng.","Adat Istiadat Masyarakat, Ritus, dan Perayaan-Perayaan"
Makan Bejambau Kampar,"Makan Bajambau merupakan tradisi unik yang berlangsung di Kabupaten Kampar, Sumatera Barat. Tradisi ini telah ada sejak zaman dahulu kala dan dilakukan oleh berbagai suku tanpa perbedaan. Tradisi Makan Bajambau merupakan tradisi makan bersama, dengan pola duduk dan cara makan yang sudah diatur sesuai norma-norma adat. Norma-norma tersebut telah terbentuk seiring dengan perkembangan sosial dalam masyarakat dan menjadi bagian penting dalam mempertahankan tradisi ini. Tradisi ini menjadi salah satu upaya untuk menjaga hubungan yang teratur dan terhormat antar manusia dalam masyarakat. Tradisi  Makan Bajambau meningkatkan solidaritas dan kebersamaan masyarakat, dan mempererat tali silaturahmi antara para hadirin dan anggota masyarakat. Tradisi ini juga merupakan bentuk penghargaan dan peningkatan status sosial bagi seseorang, terutama para ninik mamak, datuk, dan para orang tua-tua . Makan Bajambau dilaksanakan pada acara-acara tertentu seperti pernikahan, aqiqah, penobatan Ninik Mamak, penobatan payung panji adat, dan acara syukuran lainnya. Pada acara ini, hidangan makanan yang beragam disusun di dalam jambau, sebuah wadah yang terdiri dari dulang kaki 3 dan talam. Hidangan khas Kabupaten Kampar seperti panggang ikan, gulai ikan salai, rendang daging, goreng ayam, dan sayur-sayuran disajikan bersama nasi dan berbagai macam sambal. Ada aturan duduk yang sangat unik. Sebelum prosesi dimulai, para tamu dan undangan harus duduk sesuai dengan posisi yang telah ditentukan. Posisi duduk menentukan tingkatan seseorang dalam acara tersebut. Jambau khusus dan tempat duduk diutamakan untuk orang tua-tua, datuk, dan ninik mamak. Peran ninik mamak dan para orang tua sangat krusial dalam memperkenalkan dan menjaga posisi duduk tradisi Makan Bajambau hingga saat ini.","Adat Istiadat Masyarakat, Ritus, dan Perayaan-Perayaan"
Malam Nisfu Syakban Lingga,"Malam Nisfu Syakban di Kabupaten Lingga adalah sebuah acara keagamaan yang dilakukan oleh masyarakat setempat pada setiap malam 15 Sya’ban dalam kalender Islam. Tradisi ini bertujuan sebagai syi’ar, dakwah, dan bentuk mendekatkan diri kepada Allah SWT. Selain itu, acara ini juga memiliki peran penting dalam mempererat persatuan umat Islam dan memperkuat silaturahmi antara warga masyarakat. Tradisi malam Nisfu Syakban ini masuk dalam wilayah Lingga seiring dengan masuknya ajaran Islam ke daerah tersebut yang dipengaruhi oleh perkembangan Islam di Kerajaan Melaka pada abad ke-14. Adat Istiadat malam Nisfu Syakban merupakan sarana syi'ar dan dakwah, di mana pembacaan Surah Yaasin tiga kali dengan niat tertentu menjadi momen untuk memperkuat keimanan dan ketakwaan serta memohon murah rezeki . Selain itu, tema utama dalam tradisi ini adalah menjaga silaturahmi umat, karena seluruh jamaah berkumpul di masjid atau surau untuk bersama-sama sambil menikmati hidangan makanan bersama. Dalam pelaksanaan malam Nisfu Syakban sebotol air putih hadir selama acara dan dibuka tutupnya agar ayat suci dan doa bisa dibacakan atas air tersebut. Air putih ini kemudian akan diminum oleh jamaah dengan tujuan menjauhkan dari segala penyakit jasmani dan rohani. Selain itu berbagai hidangan kue menjadi bagian penting dalam acara makan bersama setelah pembacaan Surah Yaasin dan doa.","Adat Istiadat Masyarakat, Ritus, dan Perayaan-Perayaan"
MANAKIB SAMMAN PULAU LINGGA,"Manakib Samman adalah sebuah tradisi pembacaan kisah dan riwayat hidup Syaikh Muhammad Samman, seorang wali Allah dengan berbagai karamah (keajaiban). Syaikh Muhammad Samman merupakan pendiri cabang Tarekat Sammaniyah yang berasal dari cabang Tarekat Syadziliyah. Tradisi ini masih dipraktikkan di beberapa kampung atau desa di Pulau Lingga, terutama di Desa Musai dan Desa Kelumu. Pembacaan Manakib ini memiliki makna religius dan dianggap sebagai cara untuk mendapatkan berbagai keberkahan dan rahmat dari Allah SWT. Dalam acara Manakib di masjid, masyarakat membawa makanan dan minuman untuk berbagi dengan jamaah yang hadir, sehingga tercipta suasana silaturahmi dan kebersamaan. Ritus Manakib Samman merupakan tradisi lisan berupa penghormatan terhadap Syaikh Muhammad Samman. Pembacaan Manakib juga menjadi momen silaturahmi dan kebersamaan bagi masyarakat yang hadir dalam acara tersebut. Manakib Samman dilaksanakan pada berbagai momen penting seperti menyambut tahun baru Hijriyah dan peringatan hari wafat Syaikh Muhammad Samman. Tradisi Manakib Samman dilaksanakan dengan membacakan kisah dan riwayat hidup Syaikh Muhammad Samman secara lisan dengan menggunakan bahasa Arab Melayu. Ini dilakukan oleh seorang yang telah biasa menjadi pembaca, biasanya imam masjid atau orang yang menguasai tulisan Arab Melayu. Kisah dan riwayat tersebut dibacakan di hadapan jamaah yang hadir.","Adat Istiadat Masyarakat, Ritus, dan Perayaan-Perayaan"
Mi Rebus Belitong,"Mi Rebus Belitong adalah kuliner khas Kabupaten Belitung Timur, Kepulauan Bangka Belitung. Kuliner ini menggunakan mie kuning sebagai bahan utamanya, disajikan dengan kuah udang yang gurih. Mi Rebus Belitong memiliki fungsi sosial sebagai salah satu representasi kuliner khas dari Kabupaten Belitung Timur. Kuliner ini menjadi bagian penting dalam menarik wisatawan untuk mencoba dan menikmati kekayaan rasa lokal di daerah tersebut. Mi Rebus Belitong juga mencerminkan interaksi budaya antara keturunan Tionghoa dan masyarakat lokal di Belitung Timur. Untuk membuat Mi Rebus Belitong, bahan-bahan yang digunakan meliputi mie kuning, udang kupas, mentimun, tauge, tahu goreng, kentang rebus, bawang goreng, kerupuk merah atau emping, air, minyak untuk menumis, garam, gula aren, kecap, dan cabe rawit. Proses pembuatan dimulai dengan merebus air, kemudian menumis bumbu halus dan Udang kupas sebelum ditambahkan ke dalam air mendidih bersama dengan garam dan gula aren. Untuk mendapatkan rasa gurih pada udang, dapat didiamkan beberapa saat hingga agak kemerahan sebelum diolah.",Pengetahuan dan kebiasaan perilaku mengenai alam dan semesta
NASI DAGANG LINGGA,"Nasi Dagang Lingga merupakan bagian dari makanan tradisional masyarakat Melayu Lingga di Riau. Nasi Dagang Lingga merupakan nasi lemak yang dibungkus dengan daun pisang dan disemat dengan potongan lidi kelapa yang telah diruncing, sehingga mudah dibawa bagi pembeli dan orang dagang. Saat ini, nasi dagang masih tetap diperjualbelikan di kedai-kedai kopi atau warung-warung. Nasi Dagang Lingga berfungsi sebagai identitas masyarakat Melayu Lingga yang melambangkan kemudahan, kesatuan, dan keharmonisan. Proses pembuatan Nasi Dagang Lingga menggunakan bahan-bahan, seperti beras, bawang putih, bawang merah, serai, alba, cengkih, bunga lawang, buah pelaga, kayu manis, serta minyak goreng atau mentega. Proses pembuatannya melibatkan pemanasan kuali dan masukkan minyak goreng atau mentega, kemudian masukkan bahan-bahan kecuali beras. Setelah bahan-bahan agak matang, tambahkan air tawar hingga melegak, lalu masukkan beras untuk ditanak hingga matang. Setelah matang, nasi tersebut dibungkus dengan daun pisang dan di dalam bungkusan diletakkan lauk ikan atau daging.",Kemahiran dan Kerajinan Tradisional
Nasi Sekone,"Nasi Sekone, yang juga dikenal sebagai Nasi Besar dalam tradisi Melayu Lingga, adalah sebuah hidangan khas yang terbuat dari pulut yang diwarnai kuning dan dihiasi dengan bunga telur. Dalam adat istiadat pernikahan dan upacara berkhatam Al-Quran di Lingga, Nasi Sekone memegang peran penting sebagai simbol kebesaran, kehormatan, dan juga sebagai lambang perayaan dalam momen-momen istimewa. Secara sosial, Nasi Sekone menjadi elemen penting dalam perayaan pernikahan Melayu Lingga dan upacara berkhatam Al-Quran. Dalam pernikahan, hidangan ini diletakkan di hadapan pengantin bersanding, melambangkan kebesaran, penghormatan, dan memuliakan momen sakral pernikahan. Selain itu, dalam upacara berkhatam Al-Quran, Nasi Sekone menjadi simbol kebesaran seseorang yang berhasil menamatkan pembacaan tiga puluh juz Al-Quran. Selesai membaca, nasi ini diarak dan diberikan kepada guru ngaji sebagai ungkapan terima kasih atas ilmu yang diberikan. Dalam proses pembuatan dan perannya dalam budaya, Nasi Sekone terbuat dari pulut yang diwarnai menggunakan kunyit. Pulut kemudian dibentuk seperti gunungan dan diletakkan di atas semberip (ceper tembaga berkaki) yang dibungkus dengan kain putih. Di sekeliling gunungan pulut kuning ini, bunga telur ditempatkan dengan jumlah sekitar 30 buah atau sesuai keinginan. Telur ayam kampung berwarna merah dipasang di bagian bawah bunga telur dengan cara ditusuk oleh tangkai bunga. Hal ini tidak hanya menjadi hidangan, tetapi juga memiliki makna mendalam dalam simbolisme dan tata cara perayaan, baik dalam hubungan antara individu dengan sesamanya maupun dengan penguasa dalam kerajaan Melayu.","Adat Istiadat Masyarakat, Ritus, dan Perayaan-Perayaan"
Pentiaw Ubi,"Pentiaw Ubi adalah makanan khas Bangka Belitung yang terbuat dari olahan tepung sagu dan tepung beras. Pantiaw merupakan plesetan kata dalam bahasa Tionghoa di Bangka, yang berarti ""setengah marah"", dan diadaptasi dari masakan Tionghoa yang bernama Pantiaw. Pentiaw Ubi berfungsi sebagai hidangan di pagi hari sebagai sarapan warga Bangka, simbol identitas masyarakat desa Sungaibuluh dan memperkuat ikatan sosial antara anggota masyarakat yang merayakannya bersama-sama. Proses pembuatan Pentiaw Ubi menggunakan bahan-bahan seperti ubi muda (singkong), tepung kanji, dan ikan parang/tenggiri sebagai bahan utama. Ubi diparut dan diaduk bersama tepung kanji dan garam, kemudian ditambahkan air hingga campuran halus. Bumbu untuk Pentiaw Ubi terdiri dari bawang merah, bawang putih, lada butir, dan jahe yang dihaluskan. Bumbu tersebut ditumis dan ditambahkan ikan yang digiling hingga kering. Untuk menghidangkan Pentiaw Ubi, ubi di seduh bersama taoge dalam air panas, lalu diletakkan di piring dan ditambahkan bumbu tumisan ikan di atasnya.",Kemahiran dan Kerajinan Tradisional
Penyurong,"Penyurong adalah makanan tradisional yang berasal dari Pulau Belitung, khususnya di Kabupaten Belitung Timur. Nama makanan ini diambil dari cara pembuatannya, yaitu dengan menyurong atau menyorong bahan yang telah dikayu khusus, seperti putat dan kandis, ke bara api sambil memutar-mutar agar matangnya merata. Saat ini, penyurong terancam punah karena hanya sebagian kecil masyarakat yang masih menjaga dan membuatnya. Penyurong berfungsi sebagai makanan selingan dalam sebuah keluarga dan menjadi alternatif bagi para peladang di masa lalu ketika bosan dengan singkong bakar atau rebus. Proses pembuatan penyurong dimulai dengan pemilihan menggale yang baik, kemudian menggale dikupas, dicuci hingga bersih, dan dipotong tipis sebelum direndam selama dua malam. Setelah menggale direndam, kemudian ditumbuk atau diparut, dan menghasilkan gelagau yang agak kasar dan tidak terlalu lunak. Setelah itu, gelagau dicampur dengan garam secukupnya dan dikepal-kepalkan pada kayu sembari di remas-remas untuk mengurangi kadar air. Selanjutnya, makanan tersebut dipanggang pada api yang tidak terlalu besar dan diputar-putar hingga matang berwarna kuning kecoklatan.",Kemahiran dan Kerajinan Tradisional
Saprahan Melayu Kota Pontianak,"Adat Saprahan merupakan sebuah tradisi makan bersama yang dijalankan di dalam tarup, dimana setiap individu menyantap hidangan dalam kelompok-kelompok kecil yang menghadap hidangan. Kegiatan ini bukan hanya sekadar makan bersama, melainkan juga merupakan bagian penting dari identitas masyarakat Melayu Sambas. Adat Saprahan telah menjadi ciri khas yang membedakan mereka sebagai bagian dari budaya Kota Pontianak. Biasanya, tradisi ini dilakukan pada acara pernikahan, khitanan, atau rangkaian syukuran lainnya. Fungsi sosial dan tema dalam Adat Saprahan sangat mencerminkan aspek kebersamaan dan keakraban antaranggota masyarakat. Momen ini bukan hanya tentang sekadar makan bersama, tetapi juga tentang menjalin ikatan dan tali silaturahmi yang erat di antara kelompok-kelompok yang hadir. Melalui penyelenggaraan adat Saprahan, hubungan antarindividu diperkuat dan kesan keramahtamahan, persaudaraan, serta kebersamaan sangat terasa. Tradisi ini juga menandai pentingnya menjaga keteraturan dan ketertiban dalam acara bersama, yang tercermin dari penyusunan hidangan yang tertata rapi di atas kain saprah. Selain membawa makna kebersamaan, Adat Saprahan memiliki ruang lingkup yang terdiri dari peralatan dan perlengkapan khusus seperti kain saprahan, piring makan, mangkok nasi, lauk pauk, dan gelas minum. Menu utamanya meliputi beragam hidangan tradisional yang disajikan secara tertib. Tata cara penyajiannya pun memiliki aturan yang harus diikuti dengan cermat, termasuk dalam hal berpakaian, tata cara penyajian hidangan, dan pengaturan prosesi penyajian serta penutup acara yang dilakukan dengan pembacaan shalawat oleh tokoh yang dihormati di dalam majelis adat Saprahan.",Tradisi dan Ekspresi Lisan
SEDEKAH RAME,"Sedekah Rame merupakan upacara tradisional petani Melayu di Lahat yang menetap di daerah Sumatra Selatan. Upacara ini diwariskan oleh Kriye Mambul dari Kesultanan Palembang, Sumatera Selatan. Nama upacara Sedekah Rame bisa diartikan sebagai ""Sedekah bersama-sama"". Disebut demikian, karena kegiatan dalam upacara itu dilaksanakan bersama-sama oleh masyarakat setempat, khususnya bagi pemilik lahan Pertanian. Upacara ini merupakan ucapara yang sangat terkenal dikalangan petani di Sumatra Selatan, dan dilaksanakan di tengah-tengah sawah di daerah yang disebut Tanah Badahe Setue. Ritus Sedekah Rame dilaksanakan agar masyarakat memperoleh perlindungan  dari Tuhan Yang Maha Esa atas tanaman yang mereka tanam. Upacara ini dilaksanakan dengan satu harapan agar para petani memperoleh hasil panen yang lebih baik dan lebih banyak . Upacara ini juga merupakan momen mengenang leluhur dan berbagi kepada sesama, melalui makan bersama dan hasil perikanan. Tahapan pelaksanaan upacara ini sangat panjang. Tahap sebelum upacara meliputi pertemuan para pemuka masyarakat dengan berbagai pihak, yaitu Jurai Tupe (roh) untuk meminta izin, dengan para pemilik sawah untuk menentukan hari dan tanggal pelaksanaan upacara, pertemuan pembagian tugas, dan pengumpulan masyarakat pendukung yang dilanjutkan menuju lokasi upacara. Tahap pelaksanaan upacara meliputi peletakkan posisi perlengkapan upacara dan membakar kemenyan, sambutan-sambutan, menyampaikan amanat dan kisah Puyang pembuka pertama areal Pertanian, lalu doa penutup yang diakhiri dengan menyantap hidangan bersama-sama. Sesudah upacara dilakukan pengeringan air dan pembersihan saluran dan penangkapan ikan. Untuk penangkapan ikan, ini diadakan agar para pendukung upacara dapat bergembira dengan membawa oleh-oleh ikan untuk dibawa pulang, baik untuk dimakan bersama keluarga ataupun untuk dijual.","Adat Istiadat Masyarakat, Ritus, dan Perayaan-Perayaan"
Tamban Salai,"Tamban Salai merupakan salah satu hidangan tradisional di daerah Kabupaten Lingga, Kepulauan Riau. Ikan tamban, jenis ikan kecil yang melimpah di perairan sekitar wilayah ini, merupakan bahan utama hidangan ini. Nelayan di daerah Lingga menggunakan jaring untuk menangkap ikan tamban, dan hasil tangkapannya tidak hanya dijual mentah, tetapi juga diolah menjadi ikan tamban salai. Ikan tamban dikeringkan dengan bantuan bara api hingga ikan menjadi kering dan beraroma harum. Hidangan ikan tamban salai ini populer karena harganya yang terjangkau dan rasanya yang lezat. Ikan ini sering kali disantap bersama dengan sayur pucuk ubi masak lemak dan sambal belacan dalam acara-acara keluarga, pesta, atau kegiatan sosial lainnya. Ikan Tamban Salai merupakan makanan tradisional hasil kearifan lokal dan keterampilan masyarakat dalam mengolah sumber daya ikan yang melimpah di sekitarnya. Ikan Tamban Salai merupakan makanan harian bagi masyarakat di Kabupaten Lingga, khususnya di pulau Mepar dan Kelurahan Daik. Ikan Tamban Salai juga memiliki nilai ekonomi yang penting, dari nelayan penjaring ikan, hingga pengolah ikan menjadi salai untuk dijual sebagai konsumsi harian maupun oleh-oleh khas wilayah Kabupaten Lingga. Ikan Tamban Salai dibuat dengan cara dikeringkan. ikan tamban mentah ditusuk dengan kayu atau besi yang diampai (digantung) di atas tungku dan dipanaskan menggunakan bara api. Proses ini yang disebut penyalaian, yaitu pengeringan dengan tidak langsung menyetuh api, dan ini memakan waktu sekitar 3 jam. Setelah itu Ikan Tamban Salai dimasukkan ke dalam kantong-kantong plastik sebagai kemasan untuk dijual.",Pengetahuan dan kebiasaan perilaku mengenai alam dan semesta
TRADISI HAUL JAMA’,"Tradisi Haul Jama' merupakan perayaan atau peringatan yang dilakukan oleh masyarakat Melayu Lingga, Kepulauan Riau. Haul Jama' dilakukan sebagai bentuk penghormatan dan doa kepada arwah Sultan, suhada, ulama, tuan guru, pemimpin, orang tua, keluarga, dan sahabat yang telah meninggal dunia. Ritual ini melibatkan tahlil, doa, dan makan bersama sebagai acara penutup. Tradisi Haul Jama' berfungsi sebagai penyambung dan pengingat akan Sang Pencipta kepada yang masih hidup maupun yang telah meninggal dunia, serta sebagai bentuk kesyukuran dan terima kasih. Haul Jama' juga berfungsi untuk memperkuat tali silaturahmi antara masyarakat. Melalui kunjung mengunjungi, berkumpul bersama, saling bermaaf-maafan, dan makan bersama, tradisi ini mempererat ikatan sosial dan persatuan dalam komunitas. Proses pelaksanaan Haul Jama', masyarakat Melayu Lingga menyediakan hidangan yang dikemas secara tradisional juga menjadi bagian integral dari perayaan ini. Masyarakat yang mampu diharapkan untuk mengantar hidangan, yang biasanya berjumlah lima hidangan untuk lima orang tamu jemputan. Proses pengantaran hidangan ini dilakukan dengan suka rela, dan tujuannya adalah mendapatkan berkah dan pahala dari Allah SWT. Selain itu, sebelum pelaksanaan Haul Jama', masyarakat juga melakukan pembersihan kuburan keluarga dan melakukan ziarah ke kuburan setelah perayaan.","Adat Istiadat Masyarakat, Ritus, dan Perayaan-Perayaan"
Tradisi Ketupat Lepas,"Tradisi Ketupat Lepas adalah tradisi yang dilakukan oleh masyarakat di Desa Kudung, Kecamatan Lingga, Kepulauan Riau untuk menyambut bulan Muharam dalam kalender Islam. Tradisi Ketupat Lepas berfungsi sebagai wadah kebersamaan dan solidaritas antarwarga. Seluruh masyarakat berkumpul di masjid untuk melaksanakan tradisi ini, menjalin hubungan sosial yang erat dan memperkuat ikatan komunitas. Proses pelaksanaan tradisi Ketupat Lepas menggunakan alat dan bahan yaitu ketupat. Ketupat adalah makanan tradisional Melayu yang terbuat dari beras yang dikukus dalam anyaman daun kelapa. Cara membuka ketupat dalam tradisi ini memiliki ciri khas sendiri, yaitu dengan menarik ujung daun kelapa dari kiri dan kanan, sehingga seluruh anyaman terurai dan nasi dalam ketupat dapat keluar. Prosedur ini melambangkan melepaskan segala bala bencana dan keburukan.","Adat Istiadat Masyarakat, Ritus, dan Perayaan-Perayaan"
Tradisi Maulud Nabi Muhammad Saw Di Kabupaten Lingga,"Tradisi Maulud Nabi Muhammad SAW di Kabupaten Lingga adalah perayaan tahunan yang diadakan untuk memperingati hari kelahiran Nabi Muhammad SAW. Tradisi ini dilakukan oleh masyarakat setempat di masjid dan surau yang dilaksanakan pada tanggal 2 Rabi'ul Awwal atau hari-hari tertentu setelahnya. Pelaksanaan Maulud Nabi di Kabupaten Lingga, Kepulauan Riau menjadi momen penting bagi umat Islam Melayu untuk mengungkapkan rasa syukur kepada Allah SWT dan menunjukkan kecintaan mereka kepada Nabi Muhammad SAW. Tradisi Maulud Nabi di Kabupaten Lingga berfungsi sebagai bentuk ungkapan rasa syukur kepada Allah SWT karena umat Islam lepas dari kesesatan dan jahiliyah melalui kelahiran Nabi Muhammad SAW. Perayaan ini juga menjadi kesempatan bagi masyarakat Lingga untuk saling mempererat hubungan sosial dan menjaga kebersamaan dalam kegiatan keagamaan. Proses pelaksanaan tradisi Maulud Nabi di Kabupaten Lingga menggunakan beberapa alat dan bahan yaitu kitab Maulud Nabi Muhammad SAW, rehal/bantal susurari yang dilapis dengan kain (penghalas kitab), embat-embat untuk perenjis pewangian ketika pembacaan i'ndama (bagian dari kitab), dan berekat yang berisi telur merah, wajik, serta bunga rampai yang dihias di dalam gelas atau sejenisnya. Pelaksanaan Maulud Nabi melibatkan pembacaan salawat Nabi, indama, patarkol, serta berzanji yang dilakukan oleh sekelompok orang yang dipimpin oleh seorang khalifah. Setelah selesai berzanji, hidangan kue mueh seperti dodol, halwa, dan penganan bakar disajikan, bersama dengan hidangan nasi, lauk-pauk, dan air. Tradisi Maulud Nabi juga melibatkan partisipasi masyarakat dalam menjemput para pemaulud (orang yang melaksanakan Maulud) dengan menggunakan pakaian adat Melayu seperti baju kurung.","Adat Istiadat Masyarakat, Ritus, dan Perayaan-Perayaan"
Tudung Saji Pandan Lingga,"Tudung Saji Pandan adalah anyaman tradisional yang digunakan sebagai penutup makanan untuk melindunginya dari debu, serangga, dan ganguan lainnya. Anyaman ini dibuat dari daun pandan yang dapat ditemukan di Kabupaten Lingga, Kepulauan Riau. Tudung Saji Pandan Lingga berfungsi sebagai penutup makanan yang digunakan dalam berbagai acara keagamaan dan sosial budaya, seperti perayaan Maulid Nabi Muhammad SAW, Haul Jam'a atau Bulan Arwah, dan Mandi Syafar. Anyaman Tudung Saji Pandan Lingga terbuat dari daun pandan berduri dengan gelang yang terbuat dari rotan. Proses pembuatan anyaman dimulai dari pemilihan daun pandan yang berkualitas, lalu daun tersebut dicuci, diiris, dan dijajar. Kemudian, daun pandan dianyam dengan teknik tertentu untuk membentuk tudung saji yang dihiasi dengan motif bintang atau insang pari..",Kemahiran dan Kerajinan Tradisional
Tujuh Likur dan Pintu Gerbang Lingga,"Tujuh Likur dan Pintu Gerbang Lingga adalah dua tradisi yang berakar dari masa Kesultanan Lingga Riau dan masih dilestarikan hingga saat ini di wilayah Kabupaten Lingga, Kepulauan Riau. Tujuh Likur adalah tradisi peninggalan Sultan Abdurrahman Muazamsyah, Sultan Lingga Riau terakhir, yang bermula dari kebiasaan masyarakat kerajaan menyalakan lampu pelite pada 10 hari terakhir bulan Ramadhan. Tujuh Likur dan Pintu Gerbang Lingga berfungsi sebagai memudahkan mengingat malam-malam Lailatul Qadar, dan sarana untuk memperkuat nilai-nilai keagamaan dan kebersamaan dalam masyarakat. Malam Tujuh Likur diisi dengan kegiatan zikir dan beratib di masjid atau mushala, di mana kaum perempuan juga ikut serta dengan membawa hidangan untuk dimakan bersama usai pelaksanaan zikir. Di rumah-rumah, pintu-pintu tidak ditutup dan lampu-lampu dinyalakan untuk menciptakan suasana terang-benderang. Alat dan bahan yang digunakan dalam perayaan Malam Tujuh Likur adalah lampu pelita (lampu berbahan bakar minyak) atau lampu listrik sebagai pengganti pelita. Pintu Gerbang Lingga dibuat dari bahan material seperti kayu dan papan. Pembuatan pintu gerbang ini dilakukan secara bergotong royong oleh para pemuda daerah atau kampung setempat. Selain itu, ribuan lampu pelita dan lampu listrik digunakan untuk menghias pintu gerbang dan menciptakan pemandangan yang indah di malam Tujuh Likur.","Adat Istiadat Masyarakat, Ritus, dan Perayaan-Perayaan"
