Aksara Jawa,"Aksara Jawa, atau carakan, merupakan salah satu aksara tradisional Nusantara dari Daerah Istimewa Yogyakarta yang telah berkembang di Pulau Jawa sejak abad ke-16 Masehi. Bentuk modern aksara Jawa muncul dari aksara Kawi dan telah aktif digunakan dalam sastra maupun tulisan sehari-hari masyarakat Jawa dari abad ke-16 hingga abad ke-20 Masehi. Aksara Jawa terdiri dari 20 aksara pokok yang bersifat silabik (kesukukataan) dan berbeda dengan aksara Latin yang bersifat fonemis. Aksara Jawa seperti Ngayogjan merepresentasikan identitas masyarakat Yogyakarta. Langgam aksara Jawa Ngayogjan berkontribusi dalam pengelolaan tata ruang dan sumbu imajiner DIY, memperkuat konsepsi kewilayahan daerah ini. Selain itu Ngayogjan menjadi bagian penting dalam karya seni dan budaya masyarakat Jawa. Identitas ini tercermin dalam berbagai produk budaya dan dalam produk-produk UMKM di DIY. Penggunaan aksara Jawa mengalami penurunan setelah pendudukan Jepang di Indonesia pada tahun 1942. Upaya pewarisan dan internalisasi aksara Jawa Ngayogjan dilakukan dengan berbagai metode, mulai dari tradisi turun-temurun di Keraton Ngayogyakarta dan Kadipaten Pakualaman hingga digitalisasi dan publikasi massal yang memudahkan masyarakat untuk mempelajari aksara ini. Proyek kampong aksara juga menjadi salah satu upaya pemerintah dalam mendorong partisipasi masyarakat dalam melestarikan dan mendayagunakan aksara Jawa.",Tradisi dan Ekspresi Lisan
Babad Pakualaman,"Babad Pakualaman adalah sebuah manuskrip Jawa yang berasal dari Pura Pakualaman di Yogyakarta. Karya ini terdiri dari tiga jilid dan ditulis dalam bentuk puisi Jawa tembang macapat. Keberadaan Babad Pakualaman memiliki nilai sejarah dan etika yang penting bagi Kadipaten Pakualaman. Karya ini merupakan tinggalan para leluhur dan para pemegang tampuk pemerintahan, serta berisi nasehat-nasehat kehidupan yang masih relevan bagi masyarakat Yogyakarta. Sebagai karya sastra, Babad Pakualaman mengandung pesan moral dan etika yang dapat menjadi acuan bagi kehidupan bermasyarakat.",Tradisi dan Ekspresi Lisan
Badui,"Tari Badui merupakan seni tari rakyat yang berasal dari Kabupaten Sleman, Daerah Istimewa Yogyakarta. Tari ini memiliki asal-usul dari Arab dan kemudian mengalami modifikasi serta disesuaikan dengan tradisi dan kebudayaan Yogyakarta. Tari Badui merupakan tarian religius yang mengungkapkan puji-pujian kepada Nabi Muhammad SAW. Tari Badui menggambarkan kehidupan religius dan dinamis dengan diiringi musik bedug atau jidor, rebana, dan vokal tradisional. Awalnya, pertunjukan Tari Badui hanya dilakukan dalam rangka peringatan Maulid Nabi, tetapi sekarang telah berkembang menjadi hiburan bagi masyarakat. Tari Badui menghadirkan nuansa keagamaan dan kegembiraan melalui gerakan tari yang dinamis dan musik yang khas. Tari ini memainkan peran penting dalam mempertahankan nilai-nilai keislaman serta memperkuat ikatan sosial dalam masyarakat Sleman. Tarian ini dilakukan oleh delapan penari laki-laki dengan menggunakan kostum yang mencerminkan nuansa Islami seperti peci turki atau kuluk temanten merah dengan kucir, baju atau kemeja putih lengan panjang, rompi rumbai-rumbai dan kupluk merah, celana Panji, kain stagen, ikat pinggang, kaos kaki, dan sepatu putih. Mereka juga membawa aksesoris berupa godo atau gombel, yang merupakan sejenis senjata atau kayu. Tari Badui diiringi oleh syair-syair lagu yang berasal dari Kitab Kotijah Badui, namun terkadang kelompok kesenian Badui Yogyakarta juga menciptakan syair mereka sendiri. Alat musik yang digunakan meliputi instrumen seperti bedug, jidor, rebana, dan vokal tradisional yang memberikan nuansa khas pada kesenian tradisional ini.",Seni Pertunjukan
Bedhaya Angron Akung,"Bedhaya Angron Akung adalah sebuah seni tari sakral yang berasal dari Daerah Istimewa Yogyakarta. Tarian ini diciptakan oleh seorang Adipati (Paku Alam) pada masa pemerintahan K.G.P.A.A Paku Alam II pada tahun 1829-1858. Bedhaya Angron Akung menggambarkan pengembaraan dan pertemuan Raden Panjj Inu Kertapati dengan Dewi Sekartaji, yang kecantikan dan sifatnya digambarkan seperti tujuh bidadari. Melalui syair yang dinyanyikan oleh sinden, cerita tarian ini diungkapkan secara simbolis untuk mencari jatidiri dan menemukan hakikat kehidupan. Pertunjukan Bedhaya Angron Akung biasanya diselenggarakan untuk menyambut peristiwa penting, seperti penobatan K.G.P.A.A. Paku Alam IX dan K.G.P.A.A. Paku Alam X. Tarian ini memiliki makna yang dalam, mengenang perjuangan masa pemerintahan K.G.P.A.A. Paku Alam IX dan K.G.P.A.A. Paku Alam X yang dipenuhi dengan cinta dan kasih sayang. Tarian Bedhaya Angron Akung sering dipentaskan dalam ritus jumenengan atau penobatan raja dan penguasa Paku Alam. Tujuannya adalah untuk mengenang perjuangan dan cinta kasih para penguasa yang memimpin dengan bijaksana, sehingga membawa berkah dan kemashuran bagi kerajaan. Tarian Bedhaya Angron Akung menjadi hiburan dan penanda dari peristiwa penting dalam kehidupan kerajaan, sehingga menjadi bagian dari identitas budaya Yogyakarta. Tarian Bedhaya Angron Akung memiliki nilai pendidikan, mengajarkan tentang perjuangan mencari jatidiri dan hakikat kehidupan, serta memberikan contoh ketangguhan dan tekad yang besar dalam menjalani peran sebagai pemimpin. Busana dalam tarian Bedhaya Angron Akung didominasi oleh warna hijau dan ungu cenderung merah muda. Kombinasi warna ini melambangkan kesuburan, kesejahteraan, dan kebahagiaan yang diharapkan bisa diberikan oleh pemimpin kepada masyarakatnya. Busana terdiri dari mekak berwarna hijau yang dipakai dari bawah ketiak hingga pinggul untuk membentuk tubuh, ilat-ilattan yang menutupi sambungan mekak di tengah dada, dan kain parang yang saat ini dibakukan menggunakan Parang Gendreh Seling Klithik. Tarian Bedhaya Angron Akung masuk dalam kategori beksan sakral, dan sebelum melaksanakan proses tarian, ada beberapa tahapan yang harus dilalui, seperti wilujengan sebelum latihan dan persiapan sesaji untuk para penari sebelum berhias dan berkostum.",Seni Pertunjukan
Bedhaya Ketawang,"Tari Bedhaya Ketawang adalah sebuah seni tari sakral dari Jawa Tengah. Tarian ini hanya dipertunjukkan pada saat penobatan atau Tinggalandalem Jumenengan ISKS Paku Buwana. Tarian ini berkisah tentang pertemuan dan percintaan antara Panembahan Senopati dengan Ratu Kencanasari atau Kangjeng Ratu Kidul. Bedhaya Ketawang menggambarkan hubungan asmara antara Kangjeng Ratu Kidul dengan raja-raja Mataram. Tarian ini memiliki arti yang mendalam dan mengandung simbolisme dalam gerakan tangan dan seluruh bagian tubuh penari. Bedhaya Ketawang menjadi tarian yang suci karena berkaitan dengan Ketuhanan dan hanya dipertunjukkan dalam suasana resmi dan khusus. Bedhaya Ketawang ditampilkan pada ritus peringatan kenaikan tahta raja. Tarian ini menjadi bagian penting dalam acara Tinggalandalem Jumenengan, di mana tarian tersebut melambangkan kebesaran dan kemuliaan. Tema yang diangkat dalam tarian ini adalah asmara dan kesetiaan. Penampilan tari Bedhaya Ketawang juga memiliki syarat khusus, di mana para penari haruslah gadis suci dan harus menjaga kesucian serta melakukan puasa menjelang pertunjukan. Para penari Bedhaya Ketawang menggunakan busana tradisional Jawa, seperti dodot ageng atau basahan yang digunakan oleh pengantin perempuan. Para penari juga menggunakan aksesoris seperti gelung bokor mengkurep, perhiasan seperti centhung, garudha mungkur, sisir jeram saajar, cundhuk mentul, dan tiba dhadha. Alat musik yang mengiringi tarian ini adalah Gending Ketawang Gedhe yang dimainkan dengan gamelan yang terdiri dari kethuk, kenong, kendhang, gong, dan kemanak. Bedhaya Ketawang memiliki tiga babak (adegan) yang diiringi oleh berbagai tembang (lagu) seperti Durma, Retnamulya, dan Dalem Ageng Prabasuyasa. Tarian ini memiliki struktur dan urutan gerakan yang teratur dan disertai dengan perubahan nada laras dalam musik pengiringnya.","Adat Istiadat Masyarakat, Ritus, dan Perayaan-Perayaan"
Beksan Panji Sekar,"Beksan Panji Sekar adalah salah satu seni tari tradisional dari Daerah Istimewa Yogyakarta yang telah dikenal selama hampir 300 tahun. Tarian ini pertama kali diciptakan pada masa pemerintahan Sri Sultan Hamengku Buwana I, pendiri Keraton Kasultanan Yogyakarta. Beksan Panji Sekar memiliki tema patriotik, menggambarkan kisah peperangan dan latihan berperang dari Pangeran Mangkubumi, yang kemudian bergelar HB I, pendiri Keraton Yogyakarta. Beksan Panji Sekar memiliki nilai sejarah yang tinggi karena mencerminkan semangat patriotik Pangeran Mangkubumi dalam melawan penjajah Belanda. Beksan Panji Sekar merupakan bagian dari kesenian tradisional yang berfungsi sebagai bentuk pelestarian nilai-nilai budaya, sejarah, dan identitas bangsa. Dengan menampilkan kisah-kisah pahlawan dan pejuang dalam bentuk tarian, Beksan Panji Sekar menjadi sarana edukasi bagi masyarakat, khususnya generasi muda, untuk mengenal dan menghargai warisan budaya leluhur. Selain itu, tarian ini juga berperan sebagai hiburan dalam ritus adat, perayaan keagamaan, dan acara kebudayaan lainnya, yang memperkaya dan memperindah acara tersebut. Beksan Panji Sekar dibawakan oleh empat penari putra, menggambarkan dua tokoh utama, yaitu Jayakusuma dan Jayalengkara. Tarian ini memiliki tiga bagian, dimulai dengan sembah di pinggir, tayungan ke tengah, dan akhirnya mundur dengan iringan gending sri malela. Tarian Beksan Panji Sekar menggunakan berbagai atribut tradisional, termasuk keris, jemparing (panah), dan kostum dengan motif parang rusak. Musik pengiring tarian ini menggunakan gending-gending Jawa dengan irama dan lagu-lagu yang khas.",Seni Pertunjukan
Braen,"Braen adalah sebuah tradisi lisan seni permohonan yang berasal dari Jawa Tengah. Braen merupakan seni permohonan yang dilakukan dalam bentuk lagu atau nyanyian pada waktu-waktu tertentu. Braen berasal dari kata ""birai"" yang berarti semangat. Nama ini juga memiliki akar dari kata Arab ""Baroghin"" yang berarti dalil, tanda, atau hujjah. Braen merupakan sarana dakwah yang berisi dalil-dalil atau hujjah-hujjah. Masyarakat setempat mengenal braen sebagai seni penyuwunan, yaitu seni doa permohonan kepada Tuhan Yang Maha Esa. Kesenian braen memiliki akar budaya Islam dan Jawa, ini terlihat dalam penggunaan syair-syair Islami -- seperti ketauhidan, sejarah, dan pendidikan Islam -- dan sesaji sebagai perlengkapan ritus. Braen memiliki peran dalam kehidupan masyarakat Pulau Jawa sebagai tanda awal persebaran agama Islam dan sebagai sarana ritus dalam berbagai acara keagamaan seperti doa kematian, ruwatan, dan ungkapan syukur. Kesenian ini juga menjadi sarana edukasi bagi generasi muda agar memiliki rasa kecintaan terhadap budaya lokal. Braen dimainkan dalam berbagai acara keagamaan dan merupakan permohonan doa untuk mencapai keinginan tertentu, seperti jodoh, karier, dan lain-lain. Braen lesung dan alu sebagai alat musik pengiring. Ritus braen dipimpin oleh seorang perempuan yang memiliki gelar Rubiyah, yang merupakan keturunan Syekh Makhdum. Rubiyah menjadi penabuh terbang besar, yang merupakan satu-satunya instrumen dalam seni braen. Braen biasanya dilakukan oleh 9 hingga 16 perempuan, dan hanya perempuan keturunan Syekh Makhdum Husen yang awalnya dapat menjadi pemain braen. Syair-syair dalam braen dinyanyikan dalam empat bahasa: Jawa, Arab, Melayu, dan Sunda.",Tradisi dan Ekspresi Lisan
Caca Gulali,"Caca Gulali adalah permainan tradisional anak-anak yang berasal dari Betawi, DKI Jakarta. Permainan ini melibatkan nyanyian khas yang disebut ""Caca Gulali"" dan pemindahan batu kecil antar peserta. Permainan Caca Gulali berfungsi sebagai sarana hiburan dan interaksi antara anak-anak. Permainan ini memungkinkan anak-anak untuk bermain bersama dan mengembangkan keterampilan sosial mereka. Selain itu, permainan ini juga melibatkan unsur kecerdasan dalam menebak dan memperhatikan pemain yang diberi batu untuk menyembunyikan. Tema permainan ini adalah kerjasama dan ketelitian, di mana pemain harus bekerja sama dalam menyanyikan lagu dan memberi kesempatan kepada pemain jaga untuk menebak. Permainan ini biasanya dimainkan oleh sekitar 4-6 orang anak. Sebelum permainan dimulai, pemain yang akan menjadi jaga ditentukan melalui undian. Pemain yang menjadi jaga harus menelungkup menghadap lantai dan menutup wajahnya, sementara pemain lain duduk melingkari pemain yang jaga. Caca Gulali biasanya dimainkan di lingkungan tempat tinggal atau di sekolah sebagai aktivitas rekreasi anak-anak.",Tradisi dan Ekspresi Lisan
Cowongan Cilacap,"Cowongan adalah ritus tradisional yang dilakukan oleh masyarakat pedesaan untuk permohonan turun hujan. Nama ""cowongan"" berasal dari kata “cowang-coweng” yang berarti corat-coret di muka sebuah boneka (cowong) yang terbuat dari tempurung kelapa dan dihias seperti wanita sebagai perwujudan bidadari yang turun membawa hujan. Seiring berjalannya waktu, ritual cowongan berkembang menjadi sebuah pertunjukan seni yang mempertahankan aspek ritual pemanggil hujan. Selain sebagai sebuah upaya permohonan hujan kepada Tuhan yang Maha Esa, Cowongan juga menjadi wujud pengabdian kepada alam dan hubungan harmonis antara manusia dan lingkungan. Cowongan juga menjadi bentuk pelestarian budaya dan tradisi leluhur yang perlu dilestarikan. Alat dan bahan dari Cowongan adalah tempurung kelapa yang diberi baju dari kain, jerami, rumput, daun. Boneka ini kemudian dicoret menggunakan kabur sirih atau njet. Iringan musik dan lagu juga menjadi bagian dalam pertunjukan. Demografi yang terlibat dalam Cowongan adalah masyarakat pedesaan di Banyumas, Cilacap, dan sekitarnya, tanpa membatasi gender tertentu. Bioma yang terkait dengan cowongan adalah lingkungan pedesaan yang mencakup sawah, pekarangan, dan alam sekitarnya, di mana ritual ini dilakukan untuk mengatasi kekeringan dan memohon turunnya hujan.","Adat Istiadat Masyarakat, Ritus, dan Perayaan-Perayaan"
Dagelan Mataram,"Dagelan Mataram adalah jenis kesenian Jawa yang lahir di Lingkungan Kraton Yogyakarta. Dagelan ini dimulai ketika GP Hangabehi, putra Sultan Hamengkubuwono VIII, memanggil Abdi Dalem untuk membuat orang tertawa dengan ocehan mereka pada setiap hari kelahirannya. Abdi Dalem yang menjadi bagian dari dagelan ini adalah orang-orang yang memiliki cacat tubuh atau tingkah laku lucu, yang sengaja dicari oleh raja dari berbagai penjuru negeri. Pada upacara-upacara kraton tertentu, mereka diberi tugas untuk melakukan upacara edan-edanan di depan mempelai. Dagelan Mataram juga dihubungkan dengan adanya pemancar radio MAVRO yang disiarkan sebagai selingan pada siaran uyon-uyon Gending Jawa. Dagelan Mataram memiliki ciri-ciri seperti menggunakan Bahasa Jawa, mengangkat cerita dari kehidupan sosial budaya masyarakat Jawa, diiringi oleh gamelan dan sinden, kadang-kadang dilengkapi dengan tari-tarian, pemain juga kadang-kadang menyanyikan tembang, dan menggunakan kostum pakaian Jawa. Selain berfungsi sebagai hiburan, Dagelan Mataram juga mengandung cerita dengan memanfaatkan tradisi dan tata krama Jawa dalam gaya bicara dan penyampaian cerita. Melalui ini, nilai kehidupan dan pesan sosial dapat disampaikan secara humoris kepada masyarakat. Pertunjukan Dagelan Mataram menggunakan gamelan sebagai pengiring musik, sinden sebagai penyanyi dan pemberi ilustrasi, tarian, tembang, dan kostum pakaian Jawa. Dagelan Mataram diterima dengan baik oleh masyarakat Jawa sebelum kebudayaan Barat masuk dan menjamur di masyarakat.",Seni Pertunjukan
Dolalak,"Dolalak adalah kesenian yang muncul karena pengaruh Belanda dan diinisiasi oleh tiga pemuda dari Sejiwan, yaitu Rejotaruno, Duliyat, dan Ronodimejo, serta didukung oleh masyarakat sekitar. Nama ""Dolalak"" berasal dari not ""Do"" dan ""La"" karena tarian ini diiringi oleh musik dengan dua nada tersebut. Tarian Dolalak dapat ditampilkan oleh individu, pasangan, atau kelompok. Fungsi Dolalak di Kabupaten Purworejo antara lain sebagai hiburan dalam masyarakat, penyambutan di lingkungan pemerintahan, media pembelajaran seni dan budaya, penghormatan dalam perayaan hari besar nasional, serta apresiasi wisata budaya. Dolalak juga mengandung nilai-nilai ajaran, seperti penghormatan kepada orang lain dan sopan santun terhadap yang lebih tua. Dalam pertunjukan Dolalak, penari awalnya adalah laki-laki yang mengenakan seragam hitam dan celana pendek yang meniru seragam tentara Belanda. Namun, seiring perkembangan waktu, penari wanita juga mulai tampil dalam Dolalak dengan modifikasi seragam yang lebih berhias emas atau warna lain. Dalam tarian Dolalak, busana penari terdiri dari tiga bagian. Bagian pertama adalah penutup kepala yang menggunakan topi khas serdadu dengan hiasan berwarna emas dan batik bergambar sederhana. Bagian kedua adalah penutup badan berupa baju hitam dengan hiasan berwarna emas pada leher, lengan, dan bagian bawah. Di bagian belakang baju terdapat hiasan bunga, bintang, padi, dan kapas. Bagian ketiga adalah celana pendek hitam dengan plisir putih dan hiasan untu walang pada bagian bawah. Selain itu, penari Dolalak juga menggunakan aksesoris seperti sampur, kaos kaki, dan kacamata hitam. Gerakan Dolalak merupakan akulturasi budaya Barat (Belanda) dengan budaya setempat dilihat dari adopsi tari tradisional Jawa dan pencak silat. Pertunjukan Dolalak biasanya dilakukan di atas panggung dengan kelompok penari yang berhadapan dengan kelompok pemusik. Musik yang mengiringi Dolalak sederhana dan terdiri dari syair dan pantun dalam bahasa Jawa. Alat musik yang digunakan antara lain Jidhur, terbang, kendang, vokal, dan kadang-kadang juga ditambahkan alat keyboard atau organ tunggal. Pertunjukan ini melibatkan berbagai jenis tarian, yang masing-masing dibedakan oleh syair lagu yang dinyanyikan dengan jumlah lagu antara 20 hingga 60. Dalam prosesi pertunjukan Dolalak, terdapat tahapan pembukaan dengan memasang sesaji dan membakar kemenyan, hingga pada puncaknya para penari akan mengalami trance atau kesurupan.",Seni Pertunjukan
Geguritan Surakarta,"Geguritan, juga dikenal sebagai puisi dalam bahasa Jawa, merupakan salah satu bentuk puisi yang tumbuh dan berkembang di kalangan penutur bahasa Jawa, terutama di daerah Surakarta. Istilah geguritan sendiri berasal dari bahasa Jawa, yang memiliki arti ""tatahan"" atau ""coretan"". Awalnya, geguritan berkembang dari tembang, sehingga terdapat beberapa bentuk geguritan yang berbeda dalam strukturnya. Secara umum, geguritan adalah karya seni puisi yang ditulis dalam bahasa Jawa dan seringkali dibacakan atau dituturkan dengan irama yang indah. Awalnya, geguritan digunakan sebagai sarana kritik terhadap para pemimpin kerajaan atau kolonialis pada masa tersebut. Puisi ini telah ada sejak sebelum Indonesia merdeka, menjadi karya para pujangga yang ingin menyuarakan sindiran atau kritik terhadap kekuasaan pada masa itu. Pada awalnya, geguritan ditulis oleh para pujangga dengan aturan-aturan tertentu yang harus diikuti. Namun, seiring berjalannya waktu, pengertian geguritan berkembang menjadi sinonim dengan puisi bebas, membebaskan diri dari aturan metrum, sajak, atau lagu tertentu. Kini, siapapun dapat menciptakan geguritan dalam bahasa Jawa dengan berbagai referensi yang tersedia, menggabungkan kata-kata bermajas dan menggunakan bahasa sastra Jawa yang indah sehingga memukau para pembaca atau pendengarnya. Geguritan Surakarta, dengan demografi khasnya yang berakar dalam budaya bahasa Jawa, menjadi alat penting bagi masyarakat dalam menyampaikan pesan, kritik, atau ungkapan keindahan dalam puisi. Meskipun puisi ini memiliki aspek demografis yang berkaitan dengan budaya dan bahasa Jawa, tidak ada batasan gender dalam penciptaan atau penikmatan geguritan. Proses penciptaan geguritan mengandalkan kekreativan individu dalam memilih kata-kata, memadukan makna, dan menciptakan keindahan dalam sastra Jawa, sering kali diungkapkan melalui irama atau bunyi yang memukau.",Tradisi dan Ekspresi Lisan
Gembrung Madiun,"Gembrung adalah kesenian musik yang berkembang di Madiun. Gembrung merupakan gabungan dari unsur musik, syair, shalwat, dan alat musik. Kesenian ini juga dikenal dengan sebutan Shalawat Gambrung, yang sejarahnya berhubungan dengan zaman Wali Songo. Gembrung ditampilkan dalam acara maulidan, rejeban, Muharram, atau peringatan kelahiran bayi. Pertunjukan gembrung sering kali dilakukan pada malam hari, dimulai sekitar pukul 9 malam hingga pukul 3 dini hari. Syair-syair yang dinyanyikan dalam gembrung mengandung nilai-nilai agama, pesan moral, dan ajaran tasawuf tentang etika moral serta pentingnya menjalankan syariat dalam agama Islam. Gembrung memerlukan alat music tabuhan seperti terbang, timplung, kendang, dan tepuk tangan. Kemudian, syorenggi (alat musik gesek), sitar (alat musik petik), harmonium (alat musik tiup), dan tabla (alat musik pukul). Syorenggi terbuat dari kayu dengan tiga tali yang menghasilkan suara saat digesek. Sitar memiliki bentuk mirip gitar namun dengan pangkal berbentuk bulat menyerupai buah labu. Harmonium adalah alat musik berbentuk kotak dengan tombol tuts nada seperti piano, namun cara memainkannya membutuhkan pompaan udara. Tabla adalah alat musik pukul berbentuk bundar dengan bagian atas terbuat dari kulit yang dijahit dan dapat mengatur tinggi rendah nada. Gembrung Madiun dilestarikan dan dipentaskan di beberapa wilayah seperti Kuncen, Taman, Rejomulyo, Demangan, Manguharjo, dan Pandean di Madiun.",Seni Pertunjukan
Gubrak Lesung,"Gubrak Lesung adalah alat tradisional untuk prosesi penumbukan padi, oleh Masyarakat pedesaan sebelum adanya alat modern seperti selipan gabah. Gubrak lesung dimanfaatkan sebagai alat kesenian yang dikenal dengan sebutan gobrak lesung atau kothekan lesung. Gubrak lesung memiliki beragam fungsi sosial dan tema. Sebagai tanda musibah, hajatan, atau awal musim, suara dari tiga bagian lesung (dung, thek, dan prek) memberi isyarat pada masyarakat mengenai peristiwa atau acara yang berlangsung. Lagu seperti ""Asu dengklang,"" ""kebo bigar,"" dan ""sikil kejempit"" sering dimainkan dengan gubrak lesung. Gubrak lesung juga menjadi bentuk hiburan, dimanfaatkan individu berpengetahuan ekonomi untuk memberi makan pekerja di lahan pertanian mereka. Fungsi lainnya adalah sebagai ungkapan syukur kepada Tuhan atas hasil panen yang sangat dinantikan, mencerminkan terima kasih masyarakat terhadap hasil pertanian yang melimpah. Dalam pelaksanaannya, gubrak lesung melibatkan 5 hingga 6 orang atau lebih. Alat dan bahan yang digunakan dalam gubrak lesung adalah kayu angsana, yang dipilih karena keringannya dan menghasilkan suara yang nyaring saat digunakan. Demografisnya, gubrak lesung merupakan tradisi yang dilakukan oleh masyarakat pedesaan yang berkecimpung dalam pertanian padi",Seni Pertunjukan
Hak-Hakan,"Hak-Hakan adalah pertunjukan yang berkembang di Dusun Kaliyoso dan Tegalombo, Kecamatan Kertek, Kabupaten Boyolali. Kesenian ini pertama kali dikenal pada tahun 1921 dan menggambarkan kehidupan Masyarakat dalam mencari air untuk pertanian, mengalirkannya, menggarap sawah, memetik hasil pertanian, membangun desa, dan aktivitas lainnya. Pertunjukan ini membutuhkan waktu yang cukup lama, yaitu sekitar 12 jam dalam satu kali pementasan. Hak-hakan berfungsi sebagai Upaya untuk mengenang dan menghargai perjuangan Masyarakat dalam hal pertanian dan membangun desa. Melalui pertunjukan ini, mereka menyampaikan nilai kebersamaan, kerja keras, serta rasa memiliki terhadap kampung. Dalam pelaksanaannya, Hak-hakan melibatkan sekitar 70 orang laki-laki Dusun Kaliyoso. Kesenian ini dilakukan secara masal, dengan menggunakan gamelan sebagai alat pengiring, suara lagu dari sinden, , dan bunyi-bunyian seperti kentongan dan koplokan. Selain itu, kesenian ini juga melibatkan gerakan tari dan permainan massal yang menggambarkan aktivitas-aktivitas pertanian dan pembangunan desa","Adat Istiadat Masyarakat, Ritus, dan Perayaan-Perayaan"
Hodo,"Hodo adalah upacara ritual yang dilakukan di Dusun Pariopo, Desa Bantal, Kecamatan Asembagus, Sutibondo. Upacara ini merupakan kolaborasi seni musik, tari, rupa, dan resitasi. Nama “Hodo” itu sendiri berasal dari kata “Hodo” dalam Bahasa Madura, yang berarti “di atas langit masih ada langit.” Ritual Hodo memiliki unsur religius yang kental karena mengandung unsur keagamaan dan memuji Tuhan. Upacara ini juga diyakini memberikan keselamatan dan mendatangkan hujan. Ritual ini berlangsung selama lima generasi dan dilakukan berdasarkan tradisi lisan yang masih hidup di kalangan desa. Upacara Hodo biasa dilakukan pada bulan September hingga Oktober setiap tahunnya. Cerita yang digunakan pun selaras, karena terkait dengan cerita Raden Damarwulan yang kehausan dan kelaparan, kemudian menerima petunjuk untuk berkurban dengan kambing hitam di kaki Gunung Masali dan membuat sajian di sekitar batu Tomang. Upacara Hodo diawali dengan pembakaran dupa wangi oleh pemangku spiritual, dilanjutkan dengan kuding tua, tarian, music gong, bonang, seruling, kecrek, dan kendang. Upacara Hodo memiliki beberapa tahapan, yaitu bersuci atau pesucen, di mana semua pelaku Hodo melakukan mandi dan bersuci satu persatu di sumber pesucian mata air Se Capcap. Kedua tahap Semedi, di mana semua pelaku Hodo melakukan semedi atau berdoa semalam suntuk di gua Macan untuk memohon ridho Tuhan. Ketiga Tumpeng Agung, di mana para pelaku Hodo memikul tumpeng agung, daging hewan kurban, sesajen, panji-panji, dan bakaran dupa menuju altar pemujaan yaitu Batu Tomang. Dalam seluruh pelaksanaannya, Hodo melibatkan penyanyi, penari, pemain music, dan pemangku spiritual.","Adat Istiadat Masyarakat, Ritus, dan Perayaan-Perayaan"
Incling,"Incling Krumpyung Langen Bekso Wiromo adalah jenis tarian rakyat yang berkembang di wilayah Gunung Rega, Kokap, Kulon Progo, yang biasa dilakukan pada malam hari. Incling Krumpyung Langen Bekso Wiromo tidak hanya berfungsi sebagai pertunjukan saja, tetapi juga sebagai bentuk penghormatan kepada leluhur, meminta keselamatan dan perlindungan Tuhan, serta memperkuat ikatan anggota komunitas. Tradisi ini juga membutuhkan tolong-menolong dan kerjasama dalam komunitas untuk proses persiapan hingga menjadi sebuah pertunjukan yang menarik. Incling dilakukan dengan 2 hingga 16 orang penari dengan peran masing-masing seperti penthul-tembem, onclong (penari putra), penari putri, bantheng wulung, dan singa borong. Para penari dalam tarian ini akan memakai kostum berupa Pakaian Tradisional seperti celana panji, kain stagen, lonthong, kamus timang, surjan, baju lengan panjang, baju lengan pendek, rompi, boro sampur, topi, iket, dan binggel. Tarian ini juga menggunakan properti berupa kuda kepang yang terbuat dari anyaman bambu yang menyerupai kuda dengan warna hitam, putih, kuning, dan merah. Incling juga diiringi oleh alat musik gamelan pola lancaran dengan laras slendro, serta menggunakan gending dan lagu-lagu seperti gending Erang-erang, gending Rowo Kidul, dan gending Tayunga. Instrumen Gamelan yang digunakan seperti kendang, saron, gong, dan angklung. Incling juga melibatkan sesaji berupa jajanan pasar, ingkung, sego liwet, telur ayam Jawa, kembang kemenyan, kendi klowoan, dan bahan sesaji lainnya. Rangkaian pertunjukan Incling Krumpyung terdiri dari tahap persiapan, penyajian, dan penutup, dengan pola gerak tari dan pola lantai yang telah ditentukan.",Seni Pertunjukan
Janger Banyuwangi,"Janger Banyuwangi adalah Seni Pertunjukan hasil kolaborasi antara gaya Seni Pertunjukan Jawa dan Bali. Kesenian ini melibatkan tata gerak tari, musik, dan busana yang cenderung berorientasi pada budaya Bali. Pengaruh dari gong kebyar Bali dapat ditemukan dalam gamelan Janger, sementara unsur bahasa, tembang, dan gaya pemanggungan berasal dari tradisi Jawa. Cerita yang disajikan dalam Janger terinspirasi oleh cerita rakyat, legenda, atau mitologi, dan dibagi menjadi beberapa babak dan adegan. Janger Banyuwangi utamanya berfungsi sebagai hiburan masyarakat dalam berbagai perayaan seperti khitanan, pernikahan, atau acara bersih desa. Janger Banyuwangi juga berfungsi untuk mengenalkan nilai luhur, karena melalui cerita dimainkan Janger menyampaikan nilai-nilai budi pekerti, etika bermasyarakat, dan sikap kepahlawanan. Kesenian ini juga memiliki nilai jual yang tinggi, menjadi mata pencaharian bagi sebagian masyarakat. Alat yang digunakan dalam Janger Banyuwangi meliputi kostum, musik, dan instrumen. Busana yang digunakan cenderung mengadopsi gaya Bali. Musik pengiring menggunakan gamelan Janger yang terpengaruh oleh gong kebyar Bali. Alat musik yang digunakan antara lain gong, kendang, kempul, kenong, saron, gender, gambang, dan beberapa instrumen lainnya. Proses pementasan Janger dilakukan dengan tata pentas yang dilengkapi dengan kelir (layar bergambar) sebagai latar belakang. Janger tersebar hampir di seluruh wilayah Kabupaten Banyuwangi, dengan kecamatan Rogojampi sebagai basis utama. Jumlah grup Janger yang aktif berkegiatan di Banyuwangi saat ini mencapai 46 grup.",Seni Pertunjukan
Jathilan Yogyakarta,"Jathilan adalah pertunjukan tradisional khas Yogyakarta yang menampilkan tarian kuda-kudaan. Jathilan berasal dari bahasa Jawa, ""niathil,"" yang artinya yang artinya meloncat-loncat menyerupai gerakan kuda. Jathilan berfungsi sebagai hiburan, dan sering diadakan pada perayaan, upacara adat, atau festival di desa-desa. Kesenian ini juga memiliki fungsi religius, di mana beberapa penampilan Jathilan diiringi dengan nyanyian dan musik yang mengandung pesan-pesan spiritual. Tema yang sering diangkat dalam pertunjukan Jathilan adalah kekuatan dan keberanian kuda, serta hubungan manusia dengan alam dan makhluk lainnya. Alat dan bahan yang digunakan meliputi anyaman bambu atau kulit berbentuk kuda yang dipegang oleh penari. Kostum penari biasanya terdiri dari pakaian warna-warni dengan hiasan kepala yang menyerupai kuda. Musik pengiring yang digunakan dalam Jathilan adalah musik tradisional seperti gamelan atau kendang. Selain itu, sering pula terdapat vokal dan nyanyian yang mengiringi pertunjukan. Kesenian Jathilan biasanya melibatkan semua anggota masyarakat, tanpa memandang gender atau usia.",Seni Pertunjukan
Khuntulan Yogyakarta,"Kesenian Khuntulan dari Yogyakarta merupakan hasil olah penggabungan dua kegiatan seni yang berbeda, yaitu pencak silat dengan pertunjukan religi bernafaskan Islam dan budaya Jawa. Kesenian unik ini telah ada sejak lama, dan digunakan masyarakat sebagai ucapan syukur, dengan menggunakan pengiring alat-alat musik tradisional. Khuntulan merupakan Seni Pertunjukan dengan pesan religius. Kesenian ini digunakan sebagai ungkapan rasa syukur melalui puji-pujian kepada Tuhan. Dalam Khuntulan terjadi akulturasi seni beladiri Tionghoa, syair Islami berbahasa Arab dengan alat musik dan kostum khas Jawa. Dalam Khuntulan 3 orang penyanyi  melantunkan  syair yang menggunakan ayat-ayat dari kitab Al-Barzanji, memberi nuansa Islami yang kuat. Sekitar 20 lelaki menari secara bersama-sama menampilkan gerak pencak silat, pukulan dan tendangan yang mirip dengan gerakan beladiri Kun Taw. Para penari mengenakan baju putih yang mirip dengan burung kuntul atau bangau putih, memberikan identitas visual yang khas. 5 orang mengiringi dengan berbagai instrumen musik, seperti terbang (instrumen tiup), bedug, jidor, kendang, gong, bahkan organ (dalam versi modern Khuntulan yang disebut Kundaran).",Seni Pertunjukan
Kitab Primbon Haji Syekh Imam Tabbri Sragen,"Kitab Primbon Haji Syekh Imam Tabbri adalah sebuah manuskrip kuno yang merupakan karya Haji Syekh Imam Tabbri, seorang ulama asal Blagungan, Donoyudan, Kalijambe, Kabupaten Sragen, Jawa Tengah. Manuskrip ini selesai disusun pada tahun 1857 M dan saat ini menjadi koleksi keluarga yang dirawat oleh Achmad Wahyu Sudrajad, M.Hum, generasi V dari Haji Tabbri. Manuskrip ini tidak memiliki judul resmi, tetapi secara turun temurun disebut ""Kitab Primbon Haji Syekh Imam Tabbri"". Isi kitab ini menjadi penanda penting dalam sejarah perjuangan ulama Islam pada masa itu. Kitab ini mengandung informasi tentang kehidupan dan sikap politik Haji Tabbri, serta pengajaran dan pandangan keagamaan dan spiritual pada masa itu, yang relevan untuk melayani kebutuhan umat Islam saat ini. Kitab Primbon Haji Syekh Imam Tabbri merupakan Pengetahuan Tradisional yang digunakan untuk menyebarkan dakwah Islam dengan memuat materi maulid qashar, ketauhidan, kumpulan doa, dan amalan-amalan. Kitab memuat berbagai ilustrasi dan gambar pemandu untuk keperluan tertentu, serta ilmu falaq, yaitu perhitungan ilmu bintang dan penanggalan Jawa yang berhubungan dengan aspek astronomi dan kepercayaan tradisional Jawa. Kitab ini juga memuat sikap politik Haji Tabbri yang kritis terhadap Kerajaan Surakarta dan pemerintah Hindia Belanda. Kitab Primbon Haji Syekh Imam Tabbri ditulis dengan menggunakan aksara Arab, Pegon, dan Jawa, yang mencerminkan keberagaman budaya dan bahasa di Jawa Tengah. Naskah ini ditulis pada kertas daluang berukuran 23cm x 19cm. Kondisi naskah saat ini sudah sedikit rapuh dan mengalami kerusakan di pinggir lembar kertas. Manuskrip ini memiliki tingkat ketahanan yang cukup baik sehingga tulisannya masih bisa dibaca dengan baik, meskipun beberapa bagian mengalami pelapukan dan tidak terbaca sepenuhnya. Isinya mencakup materi keagamaan untuk dakwah Islam, pengetahuan filsafat dan tasawuf, ilmu falaq, penanggalan Jawa, serta sikap politik Haji Tabbri terhadap Kerajaan Surakarta dan pemerintah Hindia Belanda.",Pengetahuan dan kebiasaan perilaku mengenai alam dan semesta
Krumpyung Kulon Progo,"Krumpyung Kulon Progo adalah Seni Pertunjukan tradisional yang mengisahkan kisah Raden Panji Asmorobangun yang sedang melakukan persiapan perang melawan musuh dari Bantar Angin yang dipimpin oleh Patih Singo Lodra dan Bantheng Wulung. Pertarungan antara kerajaan Bantar Angin dan Keraton Jenggolo dipenuhi dengan konflik dan akhirnya kerajaan Bantar Angin kalah. Kesenian Krumpyung telah meluas dari wilayah asalnya dan dapat dinikmati di luar komunitas asalnya, seperti di wilayah Sentolo, Wates, dan beberapa wilayah di bagian utara Kulon Progo. Dalam masyarakat, Seni Pertunjukan Krumpyung memiliki fungsi sebagai hiburan, upacara, dan penerangan . Kesenian Krumpyung di Kulon Progo tetap mempertahankan pola tradisi dalam penampilannya, namun upaya inovasi juga dilakukan untuk menjaga kesenian tersebut agar tetap menarik dan dinamis. Kesenian Krumpyung di Kulon Progo diiringi instrumen khas Kulon Progo yang mayoritas terbuat dari bambu, selain instrumen tambahan seperti bandhe dan kecer yang digunakan untuk memperkuat adegan pertunjukan. Meskipun ada instrumen tambahan, pola tabuhan dan nuansa Krumpyung tetap didominasi suara bambu. Penampilan Krumpyung juga sering dikaitkan dengan pertunjukan Jathilan. Tempat pertunjukan Krumpyung dapat beragam, seperti gedung, halaman, tanah lapang, dan jalan. Jumlah peserta pendukung kesenian  Krumpyung bisa mencapai sekitar 30 orang, termasuk pimpinan, sutradara, penata tari/musik, pemain, penari, pemusik/pengrawit, penyanyi, dan lain-lain.",Seni Pertunjukan
Langen Mandra Wanara,"Langen Mandra Wanara adalah sebuah dramatari gaya Yogyakarta yang diciptakan oleh K.P.H. Yudonegoro III (K.G.P.A.A. Danurejo VII) pada tahun 1890. Dramatari ini menggabungkan elemen-elemen dari wiracarita Ramayana, menggunakan dialog berbentuk tembang macapat. Penyajian Langen Mandra Wanara mengikuti tata cara mirip wayang wong gaya Yogyakarta, tetapi dengan dialog dan musik yang khas. Dalam pertunjukan ini, penari umumnya adalah laki-laki, sesuai dengan tradisi wayang wong gaya Yogyakarta. Langen Mandra Wanara adalah Seni Pertunjukan yang menyampaikan cerita dari wiracarita Ramayana. Dramatari ini menjadi hiburan sambil menyampaikan pesan moral kepada penonton. Tema utama yang diangkat adalah kisah pahlawan Rama dan perjuangannya melawan kekuatan jahat Rahwana, keberanian, cinta , dan nilai-nilai kebajikan lainnya. Langen Mandra Wanara menggunakan tembang macapat dalam bentuk rambangan dan sekar gendhing yang diselingi dengan senggakan, serta gerakan tari. Tembang macapat merupakan jenis puisi  tradisional Jawa yang diatur dalam pola-pola tertentu, sedangkan sekar gendhing adalah jenis musik tradisional Jawa yang mengiringi tarian dan dialog. Gerakan tari dilakukan dalam posisi Joged Jengkeng, yaitu berjongkok. Gerakan ini membutuhkan kekuatan dan kelincahan kaki penari dalam menggerakkan tubuh.",Seni Pertunjukan
Langen Toyo,"Langen Toyo adalah seni drama turun temurun yang dilakukan oleh masyarakat Sorowangsan di daerah Turi, Kabupaten Sleman, Yogyakarta. Dipimpin oleh maestro Sunardi, Paguyuban Seni Langen Toyo ""Ngesti Budaya"" bertahan sebagai komunitas yang mempertahankan Seni Pertunjukan ini. Kesenian Langen Toyo berupa serangkaian gerakan tari yang membawakan kisah atau cerita dramatari dengan dialog menggunakan tembang, diiringi oleh musik gamelan. Pertunjukan Langen Toyo biasanya melibatkan semua anggota komunitas yang merupakan keturunan dari pemain generasi sebelumnya. Kesenian Langen Toyo merupakan Seni Pertunjukan yang menjadi bagian dari upacara adat Merti Bumi, yang merupakan ritual ungkapan syukur kepada Tuhan atas melimpahnya hasil bumi . Selain itu, Langen Toyo juga digunakan sebagai hiburan dalam pesta atau upacara seperti sunatan dan perkawinan. Pertunjukan Langen Toyo menceritakan kisah-kisah kesatria, penguasa kerajaan, dan tokoh-tokoh penting, yang juga membawa nilai-nilai kesatria, adat sopan santun , dan kesalehan. Pertunjukan Langen Toyo dilakukan dalam ruang pentas berukuran sekitar 9x3 meter. Pentas pertunjukan dilengkapi dengan desain pola lantai yang menjadi panduan bagi para penari dalam melaksanakan gerak tari dan dialog. Gerak tari Langen Toyo beragam, seperti gerak tari impur alus, kalang kinantang alus dan gagah, kambeng, bapang, nggudha, dan lainnya. Pemain Langen Toyo mengenakan busana wayang wong dengan irah-irahan sebagai penutup kepala, yang berbeda-beda sesuai dengan peran yang dimainkan. Paguyuban Seni Langen Toyo memiliki 36 perangkat busana yang digunakan dalam pertunjukan.",Seni Pertunjukan
Langendriya Yogyakarta,"Langendriya merupakan sebuah dramatari Jawa yang berasal dari kata ""Langen"" yang berarti kesukaan, dan ""Driya"" yang berarti hati. Dramatari ini ditujukan untuk memberikan kesenangan dan kepuasan bagi para pelaku dan penikmatnya. Cerita Langendriya diambil dari serat Damarwulan, salah satu wiracarita Jawa. Langendriya menjadi Seni Pertunjukan yang dan hiburan bagi penonton. Kisah yang disampaikan adalah tentang perjuangan pahlawan melawan kejahatan. Pertunjukan ini memiliki nilai-nilai moral seperti keberanian, keadilan, dan kebaikan. Selain itu, Langendriya menjadi sarana mengekspresikan bakat dan kreativitas Seni Pertunjukan. Langendriya menggunakan dialog tembang macapat sebagai bentuk dialog utama. Tembang macapat adalah bentuk puisi tradisional Jawa yang diatur dalam pola-pola tertentu. Pertunjukan ini juga mengikuti aturan baku tari gaya Yogyakarta, di mana gerakan tari dilakukan dengan cara jongkok, dengan lutut penari tidak menyentuh lantai.",Seni Pertunjukan
Langendriyan Mangkunegaran,"Langendriyan adalah seni drama tari khas Jawa yang menggabungkan seni tari, drama, musik, narasi, gerak, dan ekspresi. Nama ""Langendriyan"" berasal dari kata ""langen,"" yang berarti hiburan, dan ""driya,"" yang berarti hati. Jadi, Langendriyan dapat diartikan sebagai ""tarian hati."" Pertunjukan Langendriyan biasanya menggunakan tembang macapat, yaitu puisi tradisi Jawa, sebagai bagian dari dialognya. Pertunjukan ini dilakukan dengan menari, melantunkan tembang, dan menyampaikan narasi secara bersamaan atau sekaligus. Kesenian Langendriyan merupakan Seni Pertunjukan yang menuntut kemampuan tinggi dari para penarinya. Gerakan dalam Langendriyan dilakukan melalui gerakan tari yang lembut dan atraktif. Langendriyan memadukan elemen seni tari, drama, dan musik dalam satu pertunjukan. Penari harus menguasai gerakan tari yang lembut dan atraktif, sambil berdialog dalam bentuk tembang. Pada awalnya, Langendriyan dipentaskan dengan duduk melingkar dan penari yang melagukan tembang maju lebih kedepan dengan jongkok. Namun, kemudian dikembangkan untuk dipentaskan dengan berdiri, dan akhirnya, pada masa KGPAA Mangkunegara VII, pertunjukan Langendriyan menggunakan tujuh penari yang masing-masing memerankan tokoh Damarwulan, Menakjinggo, Dayun, Sabdo Palon, Nayagenggong, Dewi Wahito, dan Dewi Puyengan.",Seni Pertunjukan
Lengger Banyumas,"Lengger Banyumas merupakan tarian tradisional yang melibatkan penari yang juga menyanyikan lagu-lagu tradisional Banyumas dengan diiringi musik. Lengger Banyumas adalah sebuah kesenian tradisional yang berasal, tumbuh, dan berkembang di wilayah Banyumas. Kesenian ini muncul pada tahun 1755 dan masih belum diketahui secara pasti siapa penciptanya. Dalam sejarahnya, Lengger Banyumas berperan dalam mengelabui penjajah dengan penari laki-laki yang berdandan seperti wanita. Saat ini, Lengger Banyumas umumnya ditampilkan oleh penari wanita, tetapi masih ada daerah yang memiliki Lengger lanang dengan penari laki-laki yang berdandan sebagai wanita. Pertunjukan Lengger Banyumas adalah Seni Pertunjukan sebagai simbol persaudaraan dan terpengaruh ajaran Islam tentang perilaku manusia yang baik dan buruk. Kesenian ini dipercaya dapat membawa keberuntungan dan kesuburan, terutama dalam musim panen. Lengger Banyumas dipentaskan dalam berbagai acara ritual dan hiburan seperti sunatan, pernikahan, dan berbagai upacara adat. Pertunjukan Lengger Banyumas terdiri dari empat babak atau adegan, yaitu Gamyongan, Lenggeran, Badhutan atau Bodhoran, dan Baladewaan. Pada babak Lenggeran, sering terjadi adegan banceran di mana penonton, terutama para laki-laki, ikut menari bersama Lengger dengan memberikan uang (sawer). Dalam pertunjukan Lengger Banyumas, penari mengenakan busana tradisional seperti mekak, kain jarik, dan sampur. Bagian kepala dihiasi dengan sanggul jawa atau konde, serta perhiasan sederhana seperti sisir dari belahan tanduk kerbau, cundhuk, mekak, mênthul, dan giwang. Gerakan dalam Lengger Banyumas sederhana, dengan gerakan kepala yang disebut gêlang-gêlêng dan gerakan badan seperti anggang ênggên atau lêngang lênggêng. Musik pengiringnya gamelan atau alat musik calung.",Seni Pertunjukan
Metode Belajar Sariswara Ki Hajar Dewantara,"Metode Belajar Sariswara adalah suatu pendekatan pendidikan yang dikembangkan di DI Yogyakarta oleh Ki Hadjar Dewantara pada 1930-an. Tujuan utama dari Metode Sariswara adalah menumbuhkan karakter dan kepribadian cinta tanah air pada anak-anak sedari dini. Fungsi sosial Metode Belajar Sariswara Ki Hajar Dewantara adalah mengembangkan kebudayaan bangsa Indonesia melalui metode belajar berbasis kesenian. Konsep besar dalam metode ini dikenal dengan tricon, yaitu konsentris, kenvergen, dan kontinyu. Konsentris berarti berpegang teguh pada keluhuran budaya lokal, kenvergen mengajarkan sikap adaptif dan dinamis dalam menyerap budaya luar yang membawa keluhuran budaya bangsa, dan kontinyu mendorong untuk terus meningkatkan keluhuran budaya sesuai dengan perkembangan zaman. Metode Sariswara mengajak anak-anak untuk bernyanyi, bermain, dan berperan dalam lagu dan permainan anak guna membentuk cipta karsa mereka di usia emas ketika sentra otak tengah bertumbuh. Metode ini mengajarkan nilai-nilai moral dan budi pekerti kepada anak-anak melalui perilaku pendidik yang reflektif dalam sistem among. Nilai yang ditanamkan pada pendidik meliputi ""ing ngarso sung tulodo"" (di depan memberi teladan), ""ing madyo mangun karso"" (di tengah memberi semangat dan bimbingan), serta ""tut wuri handayani"" (di belakang memberi dorongan).",Tradisi dan Ekspresi Lisan
Montro,"Montro Sukalestari adalah sebuah kesenian yang berasal dari Dusun Kauman, Pleret, Bantul, DI Yogyakarta untuk memperingati Maulid Nabi Muhammad SAW dan hari-hari besar Islam lainnya. Fungsi sosial Montro bagi masyarakat Dusun Kauman adalah sebagai wahana untuk menyampaikan pesan-pesan spiritual dan moral kepada masyarakat. Ketika dipentaskan, semua peserta duduk bersila dengan hening, mengikuti lantunan syair lagu secara khusyuk. Instrumen pengiring dalam Montro Sukalestari meliputi 4 buah rebana, 1 kendang batangan, 1 kendang ketipung, kempul, gong, dan 6 orang pelantun lagu. Selain itu, ada satu orang yang berperan sebagai maca kandha, yang menggiring dan memandu pelantun lagu. Seluruh peserta dalam Montro duduk bersila, termasuk kelompok penari yang juga ikut melantunkan syair lagu. Gerakan penari Montro cenderung lembut, dengan tangannya sesekali bergerak di seputar tubuhnya.",Seni Pertunjukan
Nini Thowong Yogyakarta,"Nini Thowong adalah sebuah seni spiritual yang telah ada sejak zaman Mataram dipimpin oleh Panembahan Senapati. Tradisi ini berasal dari daerah Pundong di Yogyakarta, yang terletak dekat sungai Opak tempat Panembahan Senapati gemar bertapa. Saat ini Nini Thowong menjadi sebuah seni spiritual yang menyenangkan dan menyajikan pertunjukan dengan roh dan lagu rakyat. Nini Thowong berfungsi sebagai bentuk seni ritual dan rekreasi bagi masyarakat. Pada awalnya, Nini Thowong digunakan dalam upacara-upacara seperti memanggil hujan, pengobatan, pesugihan, atau mencari barang yang hilang. Nini Thowong mengandung pesan-pesan filosofis tentang kehidupan dan kematian, mengingatkan manusia akan keterbatasan hidup dan pentingnya menjalani hidup dengan penuh kesadaran dan kebijaksanaan. Proses Nini Thowong dilakukan menggunakan alat dan bahan yang mengandung simbolisme mendalam. Siwur (gayung air dari tempurung kelapa) digunakan sebagai kepala boneka, melambangkan kekuatan dan ketahanan. Badannya terbuat dari icir (bubu = alat penangkap ikan), yang menggambarkan kehidupan dan sirkulasi energi. Boneka tersebut dihias dengan pakaian dan selendang, menggambarkan sosok seorang gadis muda yang sakti. Ritual Nini Thowong dilakukan pada hari sakral Malem Jumat Kliwon di bulan Ruwah, dan tempat penyelenggaraannya dipilih di lokasi yang dianggap angker dan dihuni roh halus.",Seni Pertunjukan
Peksi Moi,"Tari Peksi Moi adalah tarian yang berasal dari daerah Tempel, Kabupaten Sleman, Yogyakarta. Peksi Moi merupakan singkatan dari ""Persatuan Kesenian Islam Main Olahraga Bela Diri"". Peksi Moi adalah tarian yang unik karena menggabungkan gerakan bela diri atau pencak silat dalam bentuk seni tari, dan disertai dengan iringan musik tradisional seperti terbang dan bedhuk serta syair-syair berupa ajakan beribadah kepada Allah dan menunjukkan persatuan NKRI (Negara Kesatuan Republik Indonesia). Tarian Peksi Moi berfungsi sebagai sarana untuk menyebarkan dakwah Islam dan mengajarkan nilai-nilai keberagamaan, serta sebagai hiburan dan motivasi masyarakat untuk meningkatkan semangat dalam bekerja. Selain itu, Peksi Moi juga berfungsi sebagai sarana mempererat tali silaturahmi dan persatuan antarwarga. Proses pelaksanaan Peksi Moi, penampilan kostum para penari berwarna putih dibalut rompi berwarna biru, jingga, dan ungu. Pada bagian perut, mereka memakai stagen, dan ikat kepala dengan variasi bulu, serta celana berwarna hitam dibalut dengan jarik motif parang. Pementasan Tari Peksi Moi melibatkan 12-16 penari, 4 pemusik yang memainkan alat musik seperti terbang dan bedhuk, serta 2 penyanyi. Tari Peksi Moi dilakukan dengan interaksi antar penari tanpa melibatkan penonton pasif, dan durasinya bergantung pada lagu yang dinyanyikan.",Seni Pertunjukan
Rumah Joglo Yogyakarta,"Rumah Joglo adalah salah satu bentuk arsitektur tradisional Jawa yang memiliki sejarah keberadaan yang belum sepenuhnya terdokumentasi secara pasti. Secara fisik, rumah Joglo memiliki kerangka bangunan utama yang didukung oleh empat tiang utama yang disebut soko guru, serta tumpang sari yang terdiri dari susunan balok yang menyangga soko guru tersebut. Susunan ruangan pada Joglo biasanya terbagi menjadi tiga bagian utama. Pendhapa, atau ruangan pertemuan, menjadi bagian pertama. Pringgitan adalah ruang tengah yang sering digunakan untuk pertunjukan wayang kulit. Sementara bagian belakang, yang disebut dalem atau omah njero, berfungsi sebagai ruang keluarga dengan tiga senthong (kamar) yang tersedia: senthong kiri, tengah, dan kanan. Fungsi sosial dari Rumah Joglo bukan hanya sebagai tempat tinggal tetapi juga memiliki peran penting dalam kehidupan sosial dan budaya Jawa. Pendhapa sering digunakan untuk pertemuan keluarga besar, upacara adat, dan kegiatan sosial lainnya. Pringgitan, yang merupakan ruang tengah, menjadi tempat untuk pertunjukan wayang kulit yang merupakan salah satu warisan budaya Jawa yang kaya. Ruang belakang, dalem, adalah ruang keluarga yang berfungsi sebagai tempat tinggal sehari-hari dengan tiga kamar yang tersedia. Selain itu, rumah Joglo juga menjadi lambang status sosial karena kesulitan dan keahlian yang dibutuhkan untuk membangunnya. Dalam proses pembangunannya, rumah Joglo menggunakan bahan-bahan alami seperti kayu jati yang kuat dan awet. Pembangunan Joglo melibatkan berbagai tahapan mulai dari penentuan desain, pengukuran, hingga konstruksi menggunakan teknik tradisional yang diwariskan dari generasi ke generasi. Demografi yang terlibat dalam pembangunan Joglo melibatkan berbagai tenaga kerja dan tukang kayu yang memiliki keahlian khusus dalam membuat struktur rumah ini. Tidak ada perbedaan gender yang signifikan dalam proses pembangunan, tetapi tergantung pada tradisi lokal dan aturan adat di berbagai daerah di Jawa. Rumah Joglo seringkali ditemui di daerah Jawa Tengah dan Jawa Timur, serta cocok dengan bioma tropis di pulau Jawa yang kaya akan kayu jati.",Kemahiran dan Kerajinan Tradisional
Sandur Bojonegoro Dan Tuban,"Sandur adalah sebuah Seni Pertunjukan rakyat yang berasal dari daerah Bojonegoro dan Tuban , Jawa Timur. Pada awalnya, Sandur berfungsi sebagai hiburan masyarakat agraris setelah lelah bekerja di sawah, namun kemudian berkembang menjadi produk kesenian dengan basis upacara ritual. Pertunjukan ini melibatkan unsur cerita (drama), tari, karawitan, akrobatik (kalongking), dan unsur-unsur mistis dengan kehadiran roh halus (danyang) dalam setiap pementasannya. Sandur diadakan sebagai ungkapan rasa syukur atas hasil panen yang dicapai dan dianggap sudah ada sejak zaman kerajaan yang berhubungan dengan kepercayaan animisme. Asal muasal nama ""Sandur"" dapat diartikan sebagai selesai panen (isan) dan ngedhur (sampai habis), tetapi ada juga sumber yang menyebutkan pengaruh bahasa Belanda yang berarti anak-anak yang meneruskan (soon door). Bagi masyarakat Bojonegoro dan Tuban Sandur menjadi sebuah seni tradisi yang meliputi banyak aspek, termasuk di dalamnya sebagai teater, seni tari, seni musik (karawitan), penampilan akrobatik (kalongking), dan sebuah upacara supranatural. Seni Pertunjukan Sandur merupakan ungkapan rasa syukur dan terima kasih kepada leluhur atas hasil panen yang diperoleh. Dengan unsur ritual di dalamnya, Sandur merupakan wujud spiritualitas dan kepercayaan animisme masyarakat setempat. Sandur juga menceritakan berbagai kejadian dalam kehidupan manusia dari lahir hingga meninggal dunia, serta berbagai sifat dalam diri manusia yang dapat mendorong mereka ke arah baik atau buruk, sehingga pertunjukan ini menjadi sarana menyampaikan pesan-pesan moral dan nasihat kepada penonton. Dalam pementasan Sandur area pertunjukan dibatasi dengan pagar tali berbentuk bujur sangkar dengan ukuran 8x8 meter yang diberi hiasan lengkungan janur kuning dan digantungi aneka jajan pasar, ketupat, dan lontong ketan atau lepet. Dua batang bambu ditancapkan dengan ketinggian kurang lebih 10-12 meter, dan di antara bambu tersebut dipasang tali besar yang menghubungkan keduanya untuk adegan Kalongking yang mistis. Tata cahaya menggunakan obor mrutu sewu, yaitu obor berlubang yang lebih dari 3 lubang, terbuat dari bambu, dan dipasang di sekeliling arena pertunjukan. Pementasan Sandur biasanya melibatkan sekitar 20 sampai 25 orang, yang terbagi dalam berbagai peran, termasuk pemain musik (Panjak Kendang dan Panjak Gong), Panjak Hore sebagai penari dan pelantun tembang, pemain Jaranan, Srati (pawang/dukun), pemeran tokoh (Germo, Cawik, Pethak, Balong, Tangsil), dan pemain Kalongking. Dalam pementasan ini, pemilihan pemain untuk beberapa tokoh seperti Balong, Pethak, Cawik, dan Tangsil, dilakukan dengan memilih empat anak laki-laki yang belum dikhitan karena dianggap masih suci.","Adat Istiadat Masyarakat, Ritus, dan Perayaan-Perayaan"
Santiswara Larasmadya,"Santiswara Larasmadya merupakan seni musik dari Surakarta, Jawa Tengah. Nama ini berasal dari gabungan kata ""santi"" yang berarti doa, ""swara"" yang berarti senandung lagu atau suara, dan ""larasmadya"" yang mengacu pada irama yang bersahaja. Maka Santiswara Larasmadya bermakna doa yang dilantunkan dalam senandung lagu dengan irama yang bersahaja. Kesenian ini muncul pada masa pemerintahan Pakubuwono ke-V di wilayah Jawa, sekitar abad ke-17 hingga ke-18 Masehi. Santiswara Larasmadya mampu menarik perhatian pendengar dari berbagai kalangan, tanpa memandang perbedaan agama atau budaya, sehingga pesan moral tentang kebaikan dan nilai-nilai agama dapat tersebarluaskan dengan cara yang indah dan menggugah hati. Santiswara Larasmadya menjadi sarana untuk berdoa dan mengungkapkan rasa syukur kepada Tuhan melalui lantunan  syair-syair indah dalam irama yang khidmat. Seni musik ini mampu menghadirkan suasana meditatif yang menyejukkan hati pendengarnya, sehingga dapat membawa ketenangan jiwa. Itu sebabnya Santiswara Larasmadya tidak hanya dipentaskan dalam konteks agama Islam, tetapi juga di gereja-gereja dengan tujuan yang sama, yaitu mengalunkan doa-doa dalam lantunan tetembangan Jawa untuk memuji keagungan Tuhan. Dalam pementasannya, kesenian ini mengutamakan kesederhanaan dalam penyajian, sehingga memberikan nuansa yang hening, sakral, dan magis. Pentas Santiswara Larasmadya hanya menggunakan tiga alat musik dasar sebagai pengiring, yaitu kemanak, trebang, dan kendang. Denting ritmis dari kemanak bersaut-sautan dengan suara rancak dari trebang, sementara Kendang berfungsi sebagai pengatur tempo dan tekanan. Gabungan ketiga alat musik tersebut menghasilkan harmonisasi yang mengalun dengan khidmat, ketiganya mengiringi lantunan doa-doa dan puji-pujian atas keagungan Tuhan. Lantunan syair-syair indah dalam tembang-tembang Jawa menjadi pesan religi yang disampaikan dengan tenang tanpa dipaksakan, melantun bersama keindahan musik.",Seni Pertunjukan
Shalawat Badar,"Shalawat Badar adalah sebuah shalawat yang pertama kali diciptakan pada tahun 1960-an oleh KH Ali Manshur ketika beliau berada di Banyuwangi, Jawa Timur. Shalawat ini dilantunkan oleh KH Ali Manshur saat mengisi pengajian atau tausiah keagamaan di masyarakat sekitar Banyuwangi. Kemudian Shalawat Badar semakin populer berkat upaya dari salah satu muridnya, Habib Ali al-Habsyi. Habib Ali mengundang para habib dan ulama, termasuk Kiai Ali Mansur dan KH. Ahmad Qusyairi, ke Jalan Kwitang, Jakarta. Di sana, Habib Ali meminta Kiai Ali untuk membacakan Shalawat Badar di depan jamaah yang hadir, sehingga shalawat ini mulai tersebar luas dan menjadi masyhur di berbagai daerah. Setelah itu, Habib Ali meminta para muridnya untuk mencetak teks shalawat tersebut dan mendistribusikannya kepada para jamaah. Demikianlah Shalawat Badar berkembang pesat dan dikenal di seluruh Nusantara hingga penjuru dunia. Senandung  dalam Shalawat Badar merupakan penghormatan dan ungkapan cinta kepada Nabi Muhammad SAW. Syair sederhana dan indah dari Shalawat Badar menyatukan masyarakat Muslim dalam cinta kepada Nabi. Tema utama seni tradisi ini adalah memuji dan memuliakan Nabi Muhammad SAW. Shalawat Badar sering dibaca atau dinyanyikan dalam berbagai acara keagamaan, seperti pengajian, peringatan Maulid Nabi Muhammad SAW, pernikahan, dan acara sosial lainnya. Shalawat Badar dapat dilantunkan oleh siapa saja, baik laki-laki maupun perempuan, dari berbagai latar belakang dan usia. Shalawat Badar merupakan bentuk syair yang bersifat lisan dan tulisan. Melalui tradisi lisan dan penerbitan teks, Shalawat Badar terus dikenang dan diwariskan dari generasi ke generasi. Dalam pementasan formal, Shalawat Badar dapat didukung oleh alat musik seperti gambus atau gendang. Namun jika syairnya dinyanyikan tanpa alat musik pun masih mengandung nilai dan makna yang sama.",Tradisi dan Ekspresi Lisan
Sholawat Maulud Jawi,"Sholawat Maulud Jawi adalah sebuah bentuk kesenian dan tradisi di Daerah Istimewa Yogyakarta yang berakar dari kreasi seorang tokoh bernama Kyai Sholeh di Dusun Jejeran, Bantul. Kesenian ini merupakan pujian dan ungkapan cinta serta kerinduan kepada Nabi Muhammad SAW, dan dijadikan sebagai bentuk silaturrahim dan kepedulian sosial umat Islam terhadap Rasulullah. Pementasan Sholawat Maulud Jawi melibatkan syair-syair pujian yang mengandung sejarah dan peringatan kelahiran Nabi Muhammad SAW pada bulan Maulud. Para pemain kesenian ini duduk berderet dengan formasi tertentu, menirukan gerakan sholat sebagai bentuk ekspresi ibadah. Sholawat Maulud Jawi telah berkembang pesat di wilayah DIY dengan adanya pondok pesantren dan masjid sebagai faktor pendukungnya. Senandung  dalam Sholawat Maulud Jawi berfungsi sebagai sarana dakwah dan edukasi, khususnya dalam pembelajaran tentang shalat dan syiar ajaran Islam. Sholawat Maulud Jawi menyampaikan nilai-nilai kebaikan, sopan santun, dan etika melalui syair-syair pujian. Tema utama seni tradisi ini adalah menghormati Nabi Muhammad SAW dan menyebarkan ajaran Islam sebagai rahmat bagi seluruh alam. Pementasan Sholawat Maulud Jawi diiringi alat musik yang sudah berusia lebih dari 50 tahun namun masih bersuara prima, yaitu tiga terbang, satu dodok, dan satu jedor. Pementasan kesenian ini biasanya dilakukan oleh kelompok yang terdiri dari enam hingga empat puluh orang, namun sebagian besar beranggotakan sekitar 15-20 orang. Tradisi ini dijalankan oleh para laki-laki dan sering kali berlangsung di masjid, langgar, atau bahkan di rumah penduduk. Sholawat Maulud Jawi dipentaskan secara berkala, seperti setiap 36 hari sekali, pada bulan Sapar, Malam 1 Suro, dan Bulan Besar, serta puncaknya dilakukan satu kali dalam setahun menjelang peringatan Maulid Nabi Muhammad SAW.",Tradisi dan Ekspresi Lisan
Sintong,"Sintong atau Sintung adalah sebuah kesenian bernafaskan Islam dari Sumenep, Jawa Timur. Nama ""sintung"" merupakan akronim dari rangkaian kata ""wang awang sintung,"" yang secara harfiah berarti mengangkat kaki. Kesenian ini mencerminkan ekspresi jiwa yang gembira, diungkapkan melalui gerakan mengangkat kaki sambil melompat-lompat, sambil membaca sholawat dan berzanji. Seluruh gerakan tarian dan nyanyian dalam sintung ditujukan hanya untuk Sang Pencipta, yaitu Allah SWT. Salah satu sumber sejarah Sumenep menyebutkan bahwa kesenian ini dibawa oleh Sunan Muria sebagai media dakwah, sementara versi lain menyebutkan bahwa kesenian ini berasal dari Asia Tengah dan dibawa ke Indonesia oleh para pedagang Gujarat pada abad ke-13 M. Sintung masih tetap lestari, terutama dengan membawa semangat ke-Indonesiaan melalui penggunaan tong-tong yang dicat dengan warna merah putih dalam pertunjukannya, sebagai simbol bendera negara. Bagi masyarakat Sumenep Sintong merupakan kesenian dakwah yang melibatkan tiga unsur, yaitu seni tari, seni musik, dan olah vokal . Kesenian ini tampil dalam acara hajatan, peringatan hari besar Islam, dan penyambutan para jamaah yang baru pulang dari ibadah haji. Syair yang dibawakan dalam sintung berisi doa, nasihat, syukur, dan puji-pujian kepada Allah dan Nabi Muhammad, sehingga penonton dapat memetik nilai-nilai religius dari kesenian ini dan mengamalkannya dalam kehidupan sehari-hari. Sintong menggunakan beberapa alat musik dalam pementasannya. Alat musik yang digunakan terdiri dari 2 gendang, 1 bedug, dan 2-4 kenthongan yang terbuat dari buah siwalan. Bedhug dan kentongan digunakan sejalan dengan nilai Islami, yaitu sebagai alat yang juga digunakan untuk mengajak orang sholat. Para pemain Sintong seluruhnya laki-laki, ini dianggap sejalan dengan pandangan Islam, yaitu laki-laki sebagai imam bagi keluarga dan harus menjadi teladan dalam aspek religiusitas. Kesenian Sintong melibatkan 2 hingga 40 penari dan 2 orang pembawa sholawat dan berzanji. Pementasan Sintong biasanya dilaksanakan pada malam hari dan dapat berlangsung selama sekitar 6 jam dengan membawakan sekitar 23 lagu dalam pertunjukan utuh. Namun, kesenian ini dapat menyesuaikan permintaan dari penontonnya.",Seni Pertunjukan
Srandul,"Kesenian Srandul adalah seni tradisional masyarakat Yogyakarta yang menggabungkan unsur drama, tari dan musik. Tarian Srandul dilakukan berkelompok dan merupakan hasil garapan kolektif masyarakat, sehingga tidak ada pencipta tunggal yang diketahui. Srandul sering kali diwariskan dari generasi ke generasi dan dipentaskan sebagai bentuk karya seni turun-temurun. Cerita yang dipentaskan dalam kesenian Srandul bervariasi antara daerah satu dengan yang lain. Beberapa daerah memainkan cerita rakyat tanpa batasan tokoh, sementara daerah lain hanya memfokuskan pada cerita rakyat dengan tokoh Dadung Awuk, yang kemudian mirip dengan kesenian Dadung Awuk. Beberapa pertunjukan Srandul berupa drama tari dengan cerita karangan, sementara yang lain menggunakan cerita rakyat, seperti Demang Cokroyuda dan Prawan Sunthi. Srandul merupakan seni tari, drama , dengan selingan dialog, dan diiringi musik tradisional yang menjadi tradisi  hiburan bagi masyarakat Yogyakarta. Selain itu Srandul juga menjadi sarana menyampaikan pesan-pesan moral, nilai-nilai kehidupan, kritik sosial, dan menyindir isu-isu aktual. Alat musik yang digunakan dalam pertunjukan Srandul antara lain angklung, terbang, dan kendang. Pertunjukan Srandul biasanya dilakukan pada malam hari, dan lamanya pertunjukan bervariasi tergantung permintaan dan kompleksitas cerita yang dipentaskan. Kelompok Srandul terdiri dari sekitar 15 orang, terdiri dari 6 pemusik dan 9 pemain. Namun, jumlah pemain bisa bersifat fleksibel tergantung pada kondisi dan kesepakatan kelompok. Sebelum pertunjukan dimulai, para pemain akan menari mengelilingi oncor (patung/pahatan) sambil menyanyikan doa-doa penuh khidmat. Doa ini dimaksudkan untuk mengharapkan kelancaran pertunjukan dan memohon ampunan dari Tuhan. Selain itu, juga dilantunkan tembang kinanthi dari Serat Wedhatama, yang berisi ajaran budiluhur dan nilai-nilai kehidupan.","Adat Istiadat Masyarakat, Ritus, dan Perayaan-Perayaan"
Tari Angguk,"Tari Angguk adalah tarian tradisional khas dari Desa Hargomulyo, Kecamatan Kokap, Kabupaten Kulon Progo, Yogyakarta. Tari Angguk muncul pada masa penjajahan Belanda dan digunakan sebagai ungkapan rasa syukur kepada Tuhan setelah panen padi. Dalam pertunjukannya, para muda-mudi berpartisipasi dengan bernyanyi dan menyampaikan pantun-pantun rakyat serta syair agama yang berisi nasehat. Gerakan tari ini sangat khas karena selalu disertai dengan mengangguk-anggukkan kepala dan diawali dengan tanda hormat berupa merunduk. Tari Angguk adalah seni tari yang menjadi bagian integral dalam ritus perayaan panen padi. Tari Angguk juga menjadi hiburan bagi masyarakat setempat, tarian ini mengekspresikan rasa syukur masyarakat atas hasil panen yang melimpah . Tari Angguk tidak memerlukan alat dan bahan khusus dalam pertunjukannya. Penari hanya memanfaatkan gerakan tubuh dan ekspresi wajah sebagai sarana untuk menyampaikan pesan-pesan budaya dan nilai-nilai kearifan lokal. Gerakan dalam Tari Angguk terinspirasi oleh cengkok tembang Jawa, namun seiring perkembangan zaman, tarian ini juga mengadaptasi lagu dangdut atau campursari sesuai dengan kesesuaian konteks. Awalnya, Tari Angguk ditarikan oleh laki-laki dengan gerakan yang lembut dan luwes namun tetap memiliki kesan feminin dan maskulin. Namun, dalam perkembangannya, tarian ini juga ditarikan oleh perempuan dengan gerakan yang lebih lincah dan menarik.",Seni Pertunjukan
Tari Gambyong Retnokusumo,"Tari Gambyong Retnokusumo Mangkunegaran adalah tarian yang berasal dari Pura Mangkunegaran dan diciptakan oleh Nyi Bei Mintolaras pada masa pemerintahan KGPAA Mangkunagoro VIII, kini wilayah Jawa Tengah. Tarian ini memiliki ciri khas gerakan ndut-ndut yang tidak ditemukan pada tari Gambyong lainnya. Tari Gambyong Retnokusumo menggambarkan sekelompok gadis remaja yang menari dengan lemah gemulai, melambangkan keanggunan dan kemegahan.Tari ini dapat ditemukan di Pura Mangkunegaran dan menjadi bagian dari warisan budaya yang dijaga dan dikembangkan dalam masyarakat Mukomuko. Tari Gambyong Retnokusumo berfungsi sebagai seni tari yang ditampilkan untuk menyambut tamu yang hadir pada perayaan-perayaan di pura. Selain itu, tari ini juga berfungsi sebagai hiburan pribadi dalam perayaan seperti ulang tahun kenegaraan, acara perkawinan, dan pementasan wayang orang, kethoprak. Tari Gambyong Retnokusumo juga menjadi tarian yang dilombakan. Penari dalam Tari Gambyong Retnokusumo mengenakan busana khas yang terdiri dari jamang yang menggantikan sanggul, untuk membedakan tari ini dengan tledek atau tayub. Penari juga mengenakan grodo dan klat bahu. Properti yang digunakan dalam pertunjukan ini adalah sampur, yaitu kain panjang yang diikat di perut penari. Musik pengiring tarian ini menggunakan gending sumyar dan tembangan yang diambil dari tari golek Lambangsari. Gerakan tari Gambyong Retnokusumo menggabungkan gaya Surakarta dengan gerakan mbanyu mili dan gaya Yogyakarta dengan tekanan-tekanan pada ragam gerak tertentu.",Seni Pertunjukan
Tari Seblang,"Tari Seblang adalah tarian tradisional yang berasal dari Banyuwangi, Jawa Timur. Tarian ini dipertunjukkan di dua desa utama, yaitu desa Olehsari dan desa Bakungan. Meskipun namanya sama, kedua desa ini memiliki perbedaan dalam tradisi tari Seblang mereka. Secara substansi, tarian ini menggambarkan ritual masyarakat agraris yang menghormati Dewi Sri sebagai simbol kesuburan tanah pertanian. Tari Seblang memiliki gerakan lemah gemulai dan atmosfer magis yang menciptakan suasana sakral. Tari Seblang berfungsi sebagai persembahan kepada Dewi Sri, tari Seblang memiliki tema kesuburan dan menghormati dewi penjaga kesuburan tanah pertanian. Proses pertunjukan tari Seblang, para penari mengenakan kostum khusus yang menggambarkan Dewi Sri dan karakter-karakter mistis lainnya. Kostum tari Seblang terdiri dari pakaian berwarna cerah, selendang, dan topeng tradisional. Musik pengiring yang digunakan dalam tarian ini adalah musik tradisional seperti gamelan dan nyanyian. Tari Seblang dipertunjukkan oleh masyarakat desa Olehsari dan desa Bakungan di Banyuwangi, yang mayoritas berprofesi sebagai petani.",Seni Pertunjukan
Tari Topeng Lengger,"Tari Topeng Lengger atau Lengger adalah tarian tradisional yang berkembang di Wonosobo, Jawa Tengah. Tarian ini bermula pada abad ke-16, ketika Sunan Kalijaga mengajak salah satu murid perempuannya untuk menari berpasangan dengan menggunakan topeng. Tarian ini memiliki karakteristik gerakan yang melibatkan penari wanita dengan mengenakan kostum khas, sementara topeng digunakan untuk membatasi kedekatan antara penari dan penonton. Tari Topeng Lengger berfungsi sebagai hiburan, media yang menghubungkan manusia dengan Sang Pencipta, serta sebagai sarana untuk menyampaikan pesan moral dan menjalin persahabatan serta persaudaraan. Proses pertunjukan Tari Topeng Lengger, penari wanita menggunakan kostum khas yang terdiri dari rompi, sampur, dan mahkota bulu. Salah satu ciri khas dari tarian ini adalah penggunaan topeng, yang membantu membatasi kedekatan antara penari dan penonton. Tarian ini juga melibatkan gending pengiring dan tembang pengiring yang sudah baku dan tidak dapat diganti dengan gending atau musik lain. Gerakan dalam tarian ini cenderung halus, sopan, dan bermuatan spiritual.",Seni Pertunjukan
Upacara Adat Mahesa Lawung,"Upacara Adat Mahesa Lawung adalah ritual budaya yang dilakukan oleh suku tertentu di Jawa Tengah. Upacara ini dilaksanakan pada momen-momen penting, seperti perayaan panen, pernikahan, atau penghargaan terhadap individu atau kelompok yang berjasa dalam masyarakat. Upacara Adat Mahesa Lawung berfungsi sebagai mempererat ikatan sosial antara anggota masyarakat. Selain itu, upacara ini juga berfungsi sebagai media untuk mempertahankan dan menghormati tradisi nenek moyang. Melalui ritual ini, masyarakat dapat merayakan hasil kerja keras bersama dan saling mendukung dalam menghadapi tantangan kehidupan. Upacara Adat Mahesa Lawung menggunakan berbagai alat dan bahan yang memiliki makna simbolis dalam budaya suku tersebut. Salah satu alat yang umum digunakan adalah Mahesa Lawung, sebuah replika kuda yang dihiasi dengan hiasan-hiasan khas dan diarak mengelilingi desa. Selain itu, para peserta upacara juga mengenakan pakaian adat yang khas dan menggunakan aksesoris seperti gelang, kalung, atau hiasan kepala. Proses upacara ini melibatkan nyanyian, tarian, dan doa bersama.","Adat Istiadat Masyarakat, Ritus, dan Perayaan-Perayaan"
Wayang Krucil Malangan,"Wayang Krucil Malangan adalah pertunjukan wayang yang berasal dari Desa Malangan, Kecamatan Ngantang, Kabupaten Malang, Jawa Timur. Wayang Krucil Malangan memiliki karakteristik khasnya yang meliputi pahatan wajah wayang yang halus dan detail, serta penggunaan kelir (layar) dengan lubang segi empat di depan dalang untuk memperlihatkan gerakan boneka. Pertunjukan Wayang Krucil Malangan berfungsi sebagai hiburan dalam berbagai acara adat dan upacara ritual, seperti pernikahan, khitanan, atau penyambutan tamu penting. Cerita yang dipentaskan dalam Wayang Krucil Malangan bervariasi, termasuk cerita Ramayana, Mahabharata, atau cerita lokal yang berkaitan dengan mitologi atau sejarah daerah. Proses pertunjukan Wayang Krucil Malangan menggunakan alat dan bahan berupa boneka wayang kayu pipih dengan tangan dari kulit, kelir dengan lubang segi empat, serta gamelan yang mengiringi pertunjukan. Pengrawit gamelan dalam Wayang Krucil Malangan umumnya terdiri dari 5 orang, termasuk pemain gamelan dan penyanyi.",Seni Pertunjukan
