Bentengan Betawi,"Bentengan Betawi adalah salah satu permainan tradisional berkelompok yang berasal dari masyarakat Betawi di DKI Jakarta. Permainan ini melibatkan ketangkasan, kecepatan berlari, dan strategi yang handal. Tujuan utama permainan bentengan adalah menyerang dan mengambil alih ""benteng"" atau markas lawan. Bentengan merupakan permainan yang sangat baik digunakan untuk berolahraga karena setiap pemain harus berlari untuk menjaga benteng dan menangkap lawan. Tema Bentengan Betawi adalah menjaga kebugaran jasmani, memupuk kerja sama antar kelompok, dan mempromosikan sosialisasi dalam masyarakat. Permainan ini melatih kecepatan, kelincahan, daya tahan, dan kekuatan fisik para pemain karena mereka terus berlari dalam permainan. Permainan bentengan mengajarkan nilai-nilai seperti sportivitas, kejujuran, solidaritas, keuletan, dan ketekunan. Permainan ini mengajarkan anak-anak dapat belajar bekerja sama sebagai tim, mengembangkan strategi, dan melatih kemampuan berpikir taktis. Permainan ini dimulai dengan dua kelompok yang masing-masing terdiri dari 4 hingga 8 orang. Setiap kelompok memilih tiang atau pilar sebagai ""benteng"" atau markas mereka. Di sekitar benteng tersebut, terdapat area aman di mana anggota kelompok yang berada di area tersebut tidak dapat disentuh oleh lawan. Para pemain berusaha untuk menyentuh lawan dan membuatnya ""tertawan"". Pemain harus sering kembali dan menyentuh benteng mereka sendiri karena waktu terakhir menyentuh benteng menentukan siapa yang menjadi penjaga benteng. Pemenangnya adalah kelompok yang dapat menyentuh benteng lawan dan meneriakkan kata ""benteng"".",Tradisi dan Ekspresi Lisan
Dodol Betawi,"Dodol Betawi adalah jenis dodol khas dengan warna hitam dan kecokelatan dengan variasi rasa yang lebih sedikit dibandingkan dodol daerah lain. Dodol Betawi umumnya menjadi penganan khusus perayaan seperti pesta, bulan Ramadhan, Idul Fitri, atau Idul Adha, dan pada hari raya biasanya dodol Betawi laris terjual. Pembuatan dodol Betawi dilakukan secara bersama-sama keluarga besar Betawi, dengan pria bertugas mengaduk adonan, dan Wanita menyiapkan bahan yang dibutuhkan. Setelah matang, dodol Betawi dibagi secara adil berdasarkan kontribusi masing-masing anggota keluarga. Untuk membuat dodol Betawi, beberapa bahan dasar yang dibutuhkan adalah gula merah, gula pasir, santan kelapa, dan ketan hitam. Bahan-bahan ini kemudian dicampur dalam kuali besar dengan ukuran diameter satu meter untuk menghasilkan sekitar 20 besek dodol Betawi. : Proses pembuatan dodol Betawi membutuhkan tenaga ekstra untuk mengaduk adonan dodol selama tujuh jam tanpa henti agar dodol memiliki tekstur yang lembut dengan rasa yang merata.",Kemahiran dan Kerajinan Tradisional
Dukun Beranak Betawi,"Dukun beranak Betawi merupakan figur perempuan yang memegang peranan penting dalam masyarakat, khususnya dalam konteks kehamilan, persalinan, dan perawatan pasca-melahirkan. Tradisi dukun beranak dan dukun bayi di masyarakat Betawi didominasi oleh perempuan yang memiliki kemampuan dalam mengurus kehamilan, persalinan, hingga perawatan pasca-melahirkan. Mereka bukan hanya bertugas dalam memberikan perawatan fisik, tetapi juga memberi nasihat terkait nutrisi, pantangan, dan tindakan preventif terhadap gangguan supranatural, seperti kuntilanak, yang dipercaya bisa mengganggu perempuan hamil. Peran ini diperankan oleh orang yang dianggap sebagai figur yang dipercaya dan berpengaruh di komunitas mereka. Fungsi sosial dukun beranak Betawi tidak hanya terbatas pada aspek medis dan kesehatan, tetapi juga mencakup berbagai ritus dan praktik kearifan lokal. Dukun beranak juga berperan sebagai penasehat dalam hal nutrisi, pantangan, dan pengelolaan berbagai aspek spiritual selama proses kehamilan, yang dianggap kritis terutama pada usia tujuh bulan kehamilan. Mereka juga bertanggung jawab dalam menyelenggarakan upacara-upacara tradisional, seperti upacara nujuh bulan yang bertujuan memberikan rasa aman bagi keluarga yang sedang mengalami proses kehamilan. Selain itu, dukun beranak juga terlibat dalam proses pasca-melahirkan, termasuk dalam memberikan perawatan pada ibu dan bayi, serta melaksanakan berbagai upacara dan praktik setelah kelahiran. Alat dan proses yang digunakan oleh dukun beranak Betawi melibatkan praktik-praktik tradisional seperti pembacaan mantra atau jampe-jampe pada benda-benda tajam untuk melindungi perempuan hamil dari gangguan supranatural. Dukun juga memiliki pengetahuan medis yang diperoleh secara turun-temurun dan dari pengalaman langsung saat membantu persalinan bersama ibu atau nenek mereka. Mereka juga memiliki pemahaman akan tanda-tanda kehamilan dan berbagai ritual serta praktik lokal yang harus dijalani oleh perempuan hamil. Dukun beranak Betawi biasanya merupakan figur yang sangat dikenal di lingkungan mereka, dihormati, dan dipercaya dalam memberikan bantuan dan nasihat terkait proses kehamilan, persalinan, serta perawatan pasca-melahirkan.",Pengetahuan dan kebiasaan perilaku mengenai alam dan semesta
Galasin Betawi,"Galasin adalah permainan tradisional khas DKI Jakarta, yang melibatkan dua grup dengan tujuan meningkatkan kekompakan untuk menghadang lawan dan menjaga garis batas. Galasin memiliki fungsi sebagai permainan yang mempromosikan kebersamaan dan kekompakan. Setiap anggota tim harus bekerjasama untuk menghadang lawan untuk meraih kemenangan. Permainan ini juga mengandung makna ketelitian, disiplin, dan keberanian menghadapi lawan. Permainan ini melibatkan dua grup, di mana masing-masing grup terdiri dari 3 hingga 8 orang. Tujuan dari permainan ini adalah menghadang lawan agar tidak bisa melewati garis ke baris terakhir secara bolak-balik. Galasin menggunakan lapangan bulu tangkis atau lapangan segi empat yang dibagi menjadi 6 bagian dengan garis batas yang ditandai. Anggota grup yang berperan sebagai penjaga harus menghalangi lawan dan menjaga garis batas, sementara anggota lainnya berusaha untuk melewati garis tersebut. Permainan ini menuntut kecepatan dan strategi dari setiap anggota tim.",Tradisi dan Ekspresi Lisan
Golok Betawi,"Golok Betawi adalah senjata tradisional berbentuk parang atau pedang dengan ukuran lebih pendek dan volume lebih tebal dari pedang biasa. Golok Betawi biasa diidentikkan dengan kegagahan seorang laki-laki Betawi. Fungsi dari Golok adalah sebagai golok kerja dan golok simpenan (sorenan). Golok kerja biasa disebut juga goblongan bendo atau golok dapur, digunakan untuk memudahkan berbagai pekerjaan seperti memotong, membelah, meruncingkan kayu, dan memotong daging. Golok sorenan digunakan pada acara tertentu, seperti menyembelih hewan, danjuga sebagai aksesoris perlindungan dengan digantungkan di sekitar penggang (sorenan pinggang). Dalam Masyarakat Betawi, pemilihan bahan untuk membuat Golok menjadi penting karena terkait dengan status sosial pemiliknya. Gagang golok biasa terbuat dari bahan yang mewah, seperti gading, tulang hewan, atau kayu seperti batang jambu dan rambutan. Proses pembuatan Golok Betawi melibatkan pengrajin dan seniman yang ahli dalam mengukir gagang golok. Golok Betawi diproduksi dalam berbagai ukuran dan desain, sesuai dengan kebutuhan pengguna dan peruntukannya.",Kemahiran dan Kerajinan Tradisional
Hadroh Betawi,"Hadro Betawi adalah salah satu seni musik tradisional asal Jakarta, yang diyakini bermula di Jakarta Selatan pada akhir abad ke-19 dan menyebar ke Jakarta Pusat. Seni music ini memiliki irama yang dekat dengan music Betawi di wilayah pinggiran seperti Rebana Biang, Tanjidor, dan Topeng Betawi. Salah satu tokoh legendaris dalam Hadro Betawi adalah Modehir, sorang pemain Hadro tuna Netra dengan kemampuan teknis yang baik, dan juga memperkaya irama pukulan hadro. Hadro utamanya berfungsi sebagai hiburan bagi Masyarakat, meskipun terdapat sedikit unsur sakral. Hardro Betawi juga menonjolkan keterampilan musik dan keindahan vokal, bahkan memiliki Adu Zikir, yang merupakan lomba menghafal syair-syair Diwan Hadro dan kitab maulid lainnya. . Hadro Betawi juga sering ditampilkan dalam acara-acara sosial, perkawinan, dan hajatan di masyarakat Betawi Alat musik yang digunakan dalam Hadro Betawi antara lain Hadro berukuran 25 cm - 35 cm, dan tiga pasang lingkaran logam yang dipasang pada kayu kelongkongan sebagai kecrek. Dalam Hadro Betawi, terdapat tiga instrumen utama, yaitu Bawa yang berfungsi sebagai komando dengan irama pukulan yang lebih rapat, Ganjil/Seling sebagai pengiring, dan Gedug yang memiliki fungsi mirip bass.",Tradisi dan Ekspresi Lisan
Kembang Kelape,"Kembang Kelapa, juga dikenal sebagai manggar, adalah sebuah properti perhiasan yang digunakan dalam berbagai kegiatan dan acara di DKI Jakarta. Nama ""Kembang Kelapa"" berasal dari pohon kelapa yang melimpah di daerah tersebut. Kembang Kelapa dapat ditempatkan pada berbagai titik strategis dalam suatu acara atau tempat. Biasanya, Kembang Kelapa diletakkan di samping kanan dan kiri pintu masuk, pada pelaminan, panggung, atau digantung di plafon. Kembang Kelapa merupakan kerajinan yang digunakan sebagai dekorasi statis dalam ruang terbuka maupun ruang tertutup. Selain itu, Kembang Kelapa juga digunakan sebagai dekorasi dinamis pada acara-acara seperti festival, atraksi pariwisata, dan pentas seni budaya seperti kirab dan pengantin. Kembang Kelapa memberikan sentuhan estetika, nuansa megah, meriah, dan simbol kebersamaan dan keterbukaan dalam kehidupan masyarakat DKI Jakarta, serta menggambarkan multikulturalisme  yang ada di kota tersebut. Kembang Kelapa terbuat dari lidi yang dibungkus dengan kertas atau plastik warna-warni. Bentuknya menyerupai bunga dengan ketinggian sekitar setengah meter. Dalam perkembangannya, terdapat dua varian utama dari Kembang Kelapa, yaitu kembang kelapa tiang dan kembang kelapa bokor.",Kemahiran dan Kerajinan Tradisional
Ketupat Lepas Betawi,"Ketupat Lepas adalah sebuah ritual yang berasal dari budaya Betawi, khususnya dalam pertunjukan Topeng Betawi. Ritual ini terkait dengan nazar si empunya hajat, yang merupakan janji yang diucapkan untuk melunasi kewajiban tertentu. Upacara ini dilakukan oleh perkumpulan teater Topeng Betawi di tempat-tempat terbuka seperti lapangan atau panggung terbuka. Upacara Ketupat Lepas Betawi adalah penanda bahwa si empunya hajat telah memenuhi nazar sekaligus wujud rasa syukur. Nazar juga dapat diucapkan untuk menolak bala, yaitu ketika keluarga mengalami musibah, seperti kematian dan penyakit. Meskipun aspek sakral dan magis dari Topeng Betawi telah berkurang, upacara Ketupat Lepas masih dilakukan sebagai bagian dari prosesi pernikahan atau sunatan sebagai tanda pelunasan nazar si empunya hajat. Dalam upacara Ketupat Lepas, digunakan beberapa alat dan bahan seperti ketupat yang terbuat dari kelapa muda, uang logam, bunga, dan beras kuning. Upacara Ketupat Lepas dilakukan dengan meletakkan ketupat di atas beras kuning yang bercampur dengan uang logam. Ritual ini juga melibatkan anak-anak yang akan berebut uang yang tercecer setelah ketupat dihentakkan. Upacara ini disaksikan oleh Kembang Topeng, yang menandakan bahwa si empunya hajat telah melunasi nazar tersebut. Mantra yang dibacakan dalam upacara ini dapat berbeda-beda tergantung pada kemahiran ketua upacara.","Adat Istiadat Masyarakat, Ritus, dan Perayaan-Perayaan"
Nujuh Bulanin Betawi,"Nujuh Bulanin Betawi merupakan upacara tradisional yang dilakukan oleh masyarakat Betawi, DKI Jakarta pada bulan ketujuh kehamilan seorang Wanita, di mana pada saat itu janin dianggap telah sempurna dan telah diberi roh oleh Tuhan. Nujuh Bulanin berfungsi sebagai upacara agar bayi yang akan lahir kelak dapat tumbuh menjadi anak yang saleh, berbudi pekerti luhur, dan patuh kepada orang tuanya. Proses upacara Nujuh Bulanin menyajikan tujuh macam bunga yang memiliki makna simbolis untuk bayi yang akan lahir dan persiapan penganan rujak yang terdiri dari tujuh macam buah-buahan yang dihidangkan kepada para tamu sebagai ramalan jenis kelamin bayi yang akan lahir. Dalam proses upacara, terdapat dukun beranak yang memainkan peran sentral dalam melaksanakan seluruh rangkaian acara, dan kelompok pengajian ibu-ibu yang membaca doa-doa dan ayat-ayat suci Al Quran. Upacara ini juga melibatkan pihak keluarga dari ibu dan suami, para tetangga, dan tamu lainnya yang hadir untuk berpartisipasi dan memberi doa restu bagi ibu hamil dan bayi yang dikandungnya.","Adat Istiadat Masyarakat, Ritus, dan Perayaan-Perayaan"
Ondel-Ondel,"Ondel-ondel adalah salah satu pertunjukan rakyat yang telah ada di Jakarta dan sekitarnya selama berabad-abad dan menjadi bagian dari warisan budaya Betawi. Meskipun pertunjukan serupa ada di beberapa tempat lain di Indonesia seperti Badawang di Priangan, Barongan Buncis di Cirebon, dan Barong Landung di Bali, namun keunikan ondel-ondel membedakannya. Awalnya, ondel-ondel digunakan sebagai personifikasi leluhur atau nenek moyang yang menjadi pelindung keselamatan kampung dan warganya. Bentuknya adalah boneka besar dengan rangka anyaman bambu, tingginya sekitar 2,5 meter, dan memiliki ciri khas wajah dengan topeng atau kedok serta mata bulat yang melotot. Biasanya, ondel-ondel digunakan untuk memeriahkan arak-arakan seperti pengantin sunat dan acara perayaan, dan lazimnya diarak oleh sepasang laki-laki dan perempuan. Fungsi sosial ondel-ondel meliputi memeriahkan berbagai perayaan seperti ulang tahun kota Jakarta atau acara arak-arakan lainnya. Dahulu, selain memeriahkan arak-arakan, ondel-ondel juga sering melakukan pertunjukan keliling atau Ngamen terutama pada perayaan Tahun Baru baik masehi maupun imlek. Penikmat utama seni ondel-ondel adalah para petani termasuk abangan, terutama di pinggiran kota Jakarta dan sekitarnya. Pembuatan ondel-ondel dilakukan dengan tertib, mulai dari pembuatan kedoknya hingga anyaman badannya dengan menggunakan bahan bambu. Sebelum pembuatan dimulai, diselenggarakan juga sesajen dan pembakaran kemenyan sebagai bagian dari upacara, serta mantra kepada roh halus yang dianggap penunggu ondel-ondel. Dalam prosesnya, pembuatan ondel-ondel memerlukan bambu sebagai rangka utama, sedangkan untuk bagian rambutnya digunakan ijuk. Prosesnya melibatkan keseluruhan komunitas dengan tahapan yang terstruktur dan sering kali disertai dengan upacara tradisional seperti pembakaran kemenyan. Di sebagian besar, penggunaan ondel-ondel tidak terikat pada gender tertentu, dan pemikulnya berada di dalam boneka tersebut untuk dapat menggerakkannya dengan leluasa. Sosok ondel-ondel sangat erat dengan kehidupan masyarakat Betawi, dan meskipun nilai kebudayaannya tetap terjaga, popularitasnya dalam acara kota modern telah berkurang seiring dengan perkembangan teknologi dan gaya hidup zaman sekarang.",Seni Pertunjukan
Panggal Betawi,"Panggal atau Gasing adalah permainan tradisional masyarakat Betawi di Jakarta. Permainan ini sudah ada sejak tahun 1950-an dan dimainkan oleh anak-anak Betawi. Gasing berarti permainan yang berlangsung di tempat atau lahan kosong dan mengeluarkan bunyi. Permainan Gasing berfungsi sebagai hiburan dan permainan tradisional, serta sebagai ajang untuk membangun kedisiplinan, kecekatan, kekompakan, dan kebersamaan para pemainnya. Proses pelaksanaan permainan Gasing, dibutuhkan lahan tanah berdiameter 0,5 - 1 meter. Tali Gasing terbuat dari nilon, sementara Gasing tradisional terbuat dari kulit kayu. Pemain Gasing harus berusaha menjaga keseimbangan dan proporsi bobot yang seimbang dalam pembuatan Gasing agar menghasilkan putaran yang stabil. Pemain harus membawa Gasing lebih dari satu, beberapa sebagai gacoan atau cadangan jika ada yang rusak.",Tradisi dan Ekspresi Lisan
Rias Besar,"Rias Besar adalah tata rias tradisional yang digunakan oleh pengantin wanita dalam upacara pernikahan adat Betawi, Jakarta. Rias Besar merupakan bagian penting dari prosesi pernikahan yang mencerminkan keanggunan dan keelokan pengantin wanita. Rias Besar merupakan akumulasi pengaruh budaya Tionghoa peranakan dan Arab yang melahirkan suatu gaya riasan yang sangat khas dan unik. Rias Besar berfungsi sebagai Kerajinan Tradisional yang membutuhkan keterampilan untuk memperlihatkan keindahan dan keanggunan  pengantin wanita pada momen pernikahan. Rias Besar juga memiliki makna spiritualisme Islam, karena mencerminkan kemuliaan seorang wanita yang akan memasuki kehidupan baru sebagai seorang istri. Dengan menggunakan Rias Besar, pengantin wanita merasa istimewa, percaya diri dan berbahagia. Rias Besar merupakan hasil akulturasi budaya Tionghoa dan Arab ke dalam identitas budaya Betawi. Dalam proses Rias Besar, dibutuhkan keahlian khusus dari seorang tata rias yang terampil dalam memilih dan menyusun bahan serta riasan yang sesuai dengan adat dan tradisi. Dalam Rias Besar digunakan beragam produk kosmetik untuk menonjolkan kecantikan wajah dan mata, serta penggunaan wig atau konde sebagai bagian dari riasan rambut yang khas. Riasan kepala pengantin wanita juga melibatkan berbagai elemen seperti tusuk bunga dan tusuk paku yang menambahkan sentuhan elegan pada tata rias.",Kemahiran dan Kerajinan Tradisional
Silat Cingkrik,"Silat Cingkrik adalah salah satu aliran silat dari Kampung Rawa Belong, Jakarta. Aliran ini diperkenalkan oleh tokoh bernama Kong Maing pada awal abad ke-20. Nama ""Cingkrik"" sendiri menggambarkan gerakan lincah, gesit, dan lentur yang menjadi ciri khas dari aliran ini, yang terinspirasi gerakan kera. Setelah menguasai ilmu silat Cingkrik, Kong Maing menurunkan pengetahuannya kepada beberapa murid, dan aliran ini berkembang di luar kampung Rawa Belong melalui para murid yang kemudian mengajarkannya ke wilayah-wilayah lain seperti Kampung Tenabang, Kemandoran, Kebon Jeruk, dan Kelapa Dua. Silat Cingkrik merupakan olahraga beladiri tradisional kebanggaan masyarakat di Kampung Rawa Belong. Tema yang diangkat dalam aliran ini adalah seni tradisi yang memadukan gerakan lincah, gesit, dan lentur dengan filosofi kebijaksanaan dan kehalusan. Silat Cingkrik mengajarkan nilai-nilai seperti menghindari kekerasan yang berlebihan dan menjunjung tinggi keselarasan dengan lingkungan sosial. Dalam latihan Silat Cingkrik, sebagaimana aliran silat pada umumnya menggunakan teknik tangan kosong, kuda-kuda, serta senjata tradisional seperti pisau, golok, dan tongkat dalam latihan dan pertunjukannya. Aliran ini juga memiliki variasi gerakan dan teknik yang fleksibel, di mana tiap guru dapat mengembangkan metode pengajaran sesuai dengan karakter masing-masing murid.",Seni Pertunjukan
Silat Pusaka Djakarta,"Silat Pusaka Djakarta adalah perguruan pencak silat Betawi, yang didirikan pada tahun 1957 oleh H. Sanusi atau dikenal sebagai babe Uci bersama rekannya, di Jakarta. Semula perguruan ini dikenal dengan nama Pencak Silat Pusaka Putera Djakarta (PSPPD), namun kemudian berganti nama menjadi Pencak Silat Pusaka Djakarta (PPSD). Silat Pusaka Djakarta merupakan ilmu silat turun-temurun dari Pangeran Pakpak, cucu dari Sunan Gunung Jati, dan telah mengakar dalam budaya masyarakat Betawi. Aliran silat ini terkenal karena mengedepankan gerakan cepat dan menyerang titik vital. Perguruan ini terus berkembang dan memiliki ratusan murid yang tersebar dalam 13 ranting di wilayah Jabodetabek. Perguruan Pencak Silat Pusaka Djakarta merupakan wujud olahraga beladiri tradisional dengan peran keagamaan, yaitu menyebarkan ajaran-ajaran Islam . Pelatihan dan pengajian yang ada di Pencak Silat Pusaka Djakarta membentuk moral dan etika para anggotanya, seperti menjaga akhlak, berbakti pada orang tua, dan menghormati sesama. Latihan Pencak Silat Pusaka Djakarta dilakukan rutin pada hari Jumat malam setelah Isya. Setiap latihan diawali dengan berwudhu dan salat sunnah dua rakaat sebagai bentuk penghayatan spiritual bagi para pesilat. Latihan dimulai dari anak-anak usia dini yang berlatih lebih awal, kemudian dilanjutkan oleh orang dewasa hingga larut malam. Dalam perguruan ini, tidak ada pungutan biaya untuk belajar silat, sesuai dengan prinsip bahwa ilmu bela diri tidak untuk memperkaya diri. Pencak Silat Pusaka Djakarta memiliki lima pilar pendidikan karakter dalam pencak silat yang meliputi takwa, tanggap, tangguh, tanggon, dan trengginas.",Tradisi dan Ekspresi Lisan
Silat Sekojor,"Silat Sekojor adalah salah satu warisan silat bela diri dari masyarakat Betawi yang tinggal di wilayah Jakarta Barat, terutama di daerah Joglo. Aliran ini telah ada sejak zaman Belanda, sejak tahun 1828 ketika diperkenalkan oleh Kumpi Potol. Kemudian, ilmu silat ini diteruskan oleh anaknya, Kong Nyaih sejak tahun 1901, dan diwariskan kepada murid-muridnya. Silat Sekojor terkenal dengan gerakan pukulan lurus yang khas, yang dikenal sebagai ""sekojor"" oleh masyarakat Betawi. Jurus-jurus dalam silat ini, seperti jalan lurus, gibas, pacul, sembat, bandut, kontek besi, dan kepro. Meskipun anak-anak lelaki Kong Nyaih tidak melanjutkan tradisi ilmu silat ini, Sekojor berhasil bertahan dan terus diajarkan hingga saat ini. Silat Sekojor merupakan olahraga beladiri tradisional khas warga Betawi di Joglo. Tema yang diusung dalam silat ini adalah keterampilan dan keahlian dalam menguasai gerakan pukulan lurus, yang melambangkan kedisiplinan, ketekunan, dan keberanian. Selain itu, Silat Sekojor juga mengajarkan nilai-nilai tradisional, seperti rasa hormat kepada guru dan penghormatan terhadap alam lingkungan tempat berlatih. Dalam latihan Silat Sekojor, pesilat melatih teknik dan ketepatan dalam melakukan pukulan lurus. Saat latihan, pesilat Sekojor diminta menjaga kesucian alam lingkungan dan saling menghormati satu sama lain.",Tradisi dan Ekspresi Lisan
Silat Troktok,"Silat Troktok, dikenal juga dengan nama ""Langkah"" atau ""Ronce"", merupakan salah satu seni maen pukul di Ulujami, Pesanggrahan, sebuah wilayah di selatan Jakarta. Ciri utama Silat Langkah Troktok ini adalah menyerang, selalu menyerang dengan tangan bergerak kiri dan kanan yang saling susul-menyusul dan tidak bertahan. Awalnya, ilmu maen pukul Troktok dibawa ke Ulujami oleh Kong H. Dilun, seorang murid dari Guru Marzuk asal Rawakidang Tangerang. Guru Marzuk, selain mahir dalam teknik-teknik beladiri, juga dikenal sebagai seorang ulama. Kong H Dilun adalah murid angkatan pertama dari Ulujami yang mempelajari maen pukul ini dan kemudian menurunkannya kepada keluarga dan kerabatnya. Maen pukul Troktok menjadi kegiatan wajib bagi pemuda Betawi di Ulujami, selain sholat dan mengaji. Silat Troktok merupakan olahraga beladiri tradisional khas Betawi milik masyarakat Ulujami. Silat Troktok memiliki beberapa falsafah pengajaran. Pertama, penghargaan terhadap aliran silat lainnya, sebagaimana ungkapan Kong H. Dilun “semua aliran pukul baik dan bagus… tinggal bagaimana yang mempelajari mengamalkannya.” Kedua, efisiensi dan efektifitas, yaitu “tinggalkan yang merugikan, gunakan yang menguntungkan”, kemudian “ambil yang ada didepan mata, jangan kejar yang jauh”, serta “jangan pernah mengketeng, langsung ""borong"" saja!”. Dalam pembelajaran Silat Troktok, murid-muridnya memulai dengan mempelajari jurus-jurus dasar seperti Jurus Pukul, Jurus Deprok, Jurus Kancut/Bentak, dan Jurus Kepang/Seliwa. Setelah menguasai jurus-jurus dasar, mereka melanjutkan dengan mempelajari langkah atau rangkaian dari jurus-jurus tersebut. Ada beberapa gerak sambut atau aplikasi yang diajarkan dalam pembelajaran ini, seperti Kancut/Bentak, Patah Kaki, Cekikan, Guntingan, dan lain-lain. Kecepatan, ketepatan, dan penggunaan akal menjadi fokus utama dalam menjalankan gerakan serta merespon serangan lawan dengan gerakan yang spontan. Pada tahap selanjutnya, murid diberi kebebasan untuk menghasilkan gerakan-gerakan spontan yang menguntungkan sesuai dengan situasi.",Tradisi dan Ekspresi Lisan
TAMAT QURAN,"Tamat Quran, juga dikenal sebagai Khatam Quran, adalah sebuah upacara penting yang diadakan oleh masyarakat Betawi, Jakarta, sebagai bentuk penghargaan terhadap anak-anak yang telah selesai belajar mengaji Alquran. Anak-anak yang telah menguasai bacaan dan pemahaman Alquran akan dianggap telah memahami ajaran agama Islam dengan baik. Selama proses belajar, anak-anak menghafal dan memahami Alquran, serta mempelajari rukun iman dan rukun Islam. Proses belajar mengaji dilakukan di musala atau masjid yang dipimpin oleh seorang ustaz atau guru ngaji. Upacara Tamat Quran diadakan setelah anak-anak menyelesaikan seluruh pembelajaran, upacara ini adalah tanda kesuksesan mereka dalam memahami ajaran agama. Tamat Quran sering kali diadakan di tempat pengajian, yaitu di lingkungan musala atau masjid. Tamat Quran merupakan sebuah ritus penting sebagai pengakuan  dan kehormatan kepada anak-anak yang telah menyelesaikan belajar mengaji dengan baik. Guru ngaji atau ustaz yang memimpin proses belajar juga mendapatkan penghargaan. Tamat Quran ditutup dengan hiburan, ini menunjukkan rasa kegembiraan atas pencapaian anak. Tamat Quran merupakan cermin pentingnya nilai-nilai agama Islam bagi masyarakat Betawi, karena itu penting untuk memahami dan mengamalkan ajaran agama. Prosesi Tamat Quran dimulai dengan mengantar anak-anak menuju tempat upacara, perjalanan diiringi dengan rebana ketimpring atau marawis. Pemilihan waktu dan tempat untuk upacara Tamat Quran biasanya melibatkan keluarga dan guru ngaji. Kemudian diadakan acara hiburan berupa kasidah atau orkes gambus untuk meramaikan suasana.","Adat Istiadat Masyarakat, Ritus, dan Perayaan-Perayaan"
Tanjidor,"Tanjidor adalah salah satu jenis musik atau orkes rakyat Betawi yang menggunakan alat musik barat, terutama alat musik tiup. Penggunaan istilah ""tanji"" dalam arti menabuh dan ""dor"" yang merujuk pada suara tabuhan dari tambur memberikan nama ""tanjidor"". Asal-usulnya diyakini berasal dari Belanda dan mulai diperkenalkan di tanah Betawi pada masa VOC. Pendapat dari ahli musik Belanda Ernst Heinz dan sejarawan Belanda F. De Haan menyatakan bahwa tanjidor berasal dari orkes yang dimainkan oleh budak yang ditugaskan untuk menghibur tuannya. Setelah perbudakan dihapuskan pada tahun 1860, budak yang telah merdeka dan memiliki keterampilan bermain musik kemudian membentuk perkumpulan musik yang terkenal dengan nama Tanjidor. Fungsi sosial dari Tanjidor sangat beragam, namun terutama digunakan untuk memeriahkan acara-acara sosial seperti pesta perkawinan, arak-arakan pengantin, sunatan, pawai pada hari-hari besar, dan sebagainya. Musik ini menjadi bagian integral dari kehidupan masyarakat Betawi, memberikan kesan ceria dan semarak dalam berbagai acara kehidupan masyarakat. Tema dari musik ini sangat berkaitan dengan hiburan dan perayaan, dengan komposisi musik yang ceria, enerjik, dan menghadirkan suasana yang meriah. Alat musik yang digunakan dalam Tanjidor terdiri dari alat musik barat seperti klarinet, piston, trombon, tenor, bas trompet, bas drum, tambur, dan simbal. Dalam proses pembentukan orkes Tanjidor, para budak yang memiliki keterampilan bermain musik memanfaatkan keahlian mereka setelah masa perbudakan berakhir. Mereka yang telah merdeka bersatu dalam sebuah perkumpulan musik, menciptakan orkes Tanjidor yang terkenal dengan penggunaan alat-alat musik barat ini. Demografi yang terlibat dalam musik ini tidak dibatasi oleh gender, meskipun pada awalnya orkes tersebut mungkin dibentuk oleh para budak laki-laki yang memiliki keterampilan musik. Musisi Tanjidor mampu menciptakan semangat dan keceriaan dalam berbagai acara dengan permainan musik yang menghibur dari alat-alat musik yang mereka mainkan.",Seni Pertunjukan
Topeng Betawi dan Lenong,"Topeng Betawi adalah seni teater tradisional yang berasal dari budaya Betawi di Jakarta. Pertunjukan Topeng Betawi melibatkan penggunaan topeng oleh para pemain untuk mewakili karakter dan tokoh yang mereka perankan. Topeng tersebut memiliki ciri khas dengan ukiran yang rumit dan warna yang cerah. Pertunjukan Topeng Betawi biasanya melibatkan cerita-cerita komedi atau romantis dengan ciri khas budaya Betawi yang kaya. Topeng Betawi dan Lenong berfungsi sebagai hiburan, dan sarana pendidikan bagi masyarakat Betawi dalam memperkuat identitas budaya mereka. Melalui Topeng Betawi dan Lenong, masyarakat dapat memperoleh hiburan, edukasi, dan juga pembelajaran mengenai nilai-nilai budaya dan moral yang diwariskan dari generasi ke generasi. Proses pertunjukan Topeng Betawi menggunakan alat dan bahan berupa topeng yang terbuat dari kayu dengan ukiran yang rumit dan warna yang mencolok. Selain itu, musik pengiring seperti Gambang Kromong menggunakan alat musik tradisional seperti gambang, kendang, rebana, dan alat musik perkusi lainnya. Pertunjukan ini dapat dilakukan di berbagai tempat, baik di panggung maupun di area terbuka seperti lapangan.",Seni Pertunjukan
Topeng Blantek,"Topeng Blantek adalah bentuk seni teater yang berasal dari DKI Jakarta dan memiliki kesamaan dengan Topeng Betawi, terutama dalam hal gaya pertunjukan. Perbedaannya terletak pada tempat pertunjukan dan penggunaan alat musik. Pertunjukan Topeng Blantek dilakukan tanpa panggung dan hanya menggunakan tanah lapang sebagai tempatnya, dan tidak ada penggunaan layar untuk menggambarkan suasana dalam pertunjukan ini. Pada awalnya, Topeng Blantek tidak menggunakan alat musik yang kompleks, hanya tetabuhan sederhana. Namun, seiring perkembangan, alat musik seperti rebana biang, rebana anak, dan perkusi digunakan dalam pertunjukan ini. Topeng Blantek berfungsi sebagai hiburan, sebagai sarana pemertahanan budaya dan tradisi. Pertunjukan ini mengangkat berbagai tema dan cerita yang mencerminkan nilai-nilai moral, sosial, dan sejarah masyarakat Betawi. Proses pertunjukan Topeng Blantek menggunakan alat musik seperti rebana biang, rebana anak, dan perkusi sebagai pengiring dalam pertunjukannya. Musik Gambang Kromong juga sering digunakan sebagai musik pengiring dalam pertunjukan ini. Pertunjukan Topeng Blantek melibatkan pemain dari berbagai jenis kelamin, baik laki-laki maupun perempuan, yang berperan dalam membawakan karakter-karakter dalam cerita.",Seni Pertunjukan
Topeng Jantuk,"Topeng Jantuk atau Lakon Bapak Jantuk merupakan bagian penting dari pertunjukan Topeng Betawi, sebuah teater tradisional yang berasal dari budaya Betawi di DKI Jakarta. Cerita ini sering dimainkan pada bagian akhir pertunjukan dan memiliki nilai historis yang mendalam dalam konteks teater tradisional tersebut. Dalam pertunjukan Topeng Betawi, ""jantuk"" merujuk pada dialog atau percakapan antara dua orang atau lebih yang dilakukan dengan spontan, tangkas, dan ringkas. Topeng Jantuk atau Lakon Bapak Jantuk berfungsi sebagai hiburan, dan sarana pemertahanan budaya dan penyebaran pesan-pesan moral. Selain itu, Topeng Jantuk juga memainkan peran dalam acara-acara seperti pernikahan, khitanan, dan nazar, yang menjadi momen penting dalam kehidupan sosial masyarakat Betawi. Proses pertunjukan Topeng Jantuk menggunakan topeng tradisional Betawi sebagai salah satu alat penting dalam pertunjukannya. Topeng tersebut dibuat dengan menggunakan bahan-bahan seperti kayu atau kulit yang diukir dan dihias sesuai dengan karakter tokoh yang akan dimainkan.",Seni Pertunjukan
